word,beta,psi,highlight
defence,0.28697213495719787,7.554042911297689,none
japan,-1.069368467533661,5.845300784995316,blue
  ,0.32646049999395305,9.18882788437503,none
onodera,-2.758690515704366,1.0100470466760048,none
minister,0.3976324149636073,5.369629036018013,none
   ,0.0018950806279037532,6.128323264039485,none
year,0.4903287424651993,4.610645638002953,none
anniversary,1.0924196236365535,3.278993159280973,none
establishment,0.8735199259253518,4.189226391781603,none
ministry,0.5974553102070405,4.838325667565154,none
mod,-3.7993381943250246,2.0659668529214943,none
self-defense,0.0058009639239929136,3.7197728259909524,none
forces,-0.06962236545772872,6.481191045992143,none
sdf,-4.5609820483119465,2.7872414565592822,none
national,1.0022021122754279,5.931640297572421,none
security,0.07964008919267206,6.602809557293246,none
council,0.1383211103050163,4.228003366075778,none
launched,0.28273166039284625,3.7550084066244462,none
end,-0.20049883764437681,4.098013293098544,none
also,0.6187269370319635,5.749136213416521,none
fi,-3.2615664069952675,1.5330854561153118,none
rst,-2.914059336765478,1.174700347540234,none
ever,0.5391706415231774,2.281281427160898,none
strategy,0.02473352954487715,4.790390208236533,none
accordance,0.929604162552376,3.3298307799312665,none
new,0.028648761991881468,5.502600333022732,none
program,0.2597997707266492,4.374600858613205,none
guidelines,-0.4251027200188604,3.5992676839611963,none
ndpg,-2.914059336765478,1.174700347540234,none
term,-0.3652664056421106,3.247183467645421,none
approved,-1.3411498624113019,1.6369172294131409,none
moreover,-0.2717473379486228,2.9801487568598533,none
basic,0.4631957614053637,4.354609306498344,none
development,0.53750279352357,5.423034676193656,none
legislation,0.2447789179894497,2.3584744841172367,none
ensure,0.3799575827761043,4.1692419886587695,none
protect,-0.1753843229822473,3.931842624003252,none
people,0.4088556274277944,4.488463655939482,none
cabinet,-0.754011681265844,3.208386452695227,none
decision,0.20682606523909547,2.925703796778635,none
july,0.9320721546709442,4.428321452856059,none
order,0.13172887736989597,5.362708779660032,none
secure,0.6175964536606525,3.7612993073254684,none
lives,0.44817822737646623,2.9080294670183786,none
peaceful,1.2189786354632968,2.7664037027224113,none
contribute,0.8060006729539552,3.41755608988185,none
even,-0.5844114330305508,3.7770959580155226,none
proactively,0.05470847926546826,2.4950115074698234,none
peace,0.38182888319672437,5.16235737808525,none
stability,-0.25274191912980976,4.679535924237123,none
international,0.07201843844968381,5.757800840123931,blue
community,0.7936880376076292,4.051415667788634,none
take,0.5510426266727116,3.6939491098902475,none
step,-0.17126165256492124,2.6573311335618257,none
form,-0.06731528691038664,2.582664827966319,none
history,0.9414749038675749,2.4819202037212014,none
en,-2.5696285996775385,0.8053653421992772,none
nation,-0.3291644126423516,3.655888174045651,none
maintain,-0.4904583011373494,4.402146084958366,none
region,-0.5985295814513106,5.586820306989033,none
course,0.10879359090048242,2.7077460304451093,none
taken,-1.0464262612161659,2.453983930607958,none
date,1.3742079356146735,3.56585383000841,none
policy,0.42069270376094076,4.934998697323639,none
proactive,-0.14644072208240264,2.485624766070237,none
contribution,-0.30303857460552,2.7519866158413078,none
based,0.03808700935364479,5.365465261123098,none
principle,-0.09477782025028278,2.6023917285850504,none
cooperation,0.5693098592897375,6.096512884362831,none
activities,0.01909948837028258,5.419070220049132,none
securing,1.0209286118571337,3.0821569801893625,none
property,0.7632076891182705,2.4411601500866698,none
territorial,-0.522213923551171,3.359279576799172,none
mongolia,-0.056075358702299884,4.34173111046641,none
waters,0.05515134081659946,3.950455374661136,none
airspace,-0.7150798934319857,4.0414297313108305,darkgreen
becoming,0.6556799741314571,2.5179656539899233,none
critical,-0.44165384994935025,3.468311761117423,none
environment,0.008828001569429195,5.264282792301994,none
surrounding,-0.6201446461189558,3.5158675046277352,none
since,0.534028052508648,4.88322210399747,none
taking,0.02630146072128281,3.3422619474308317,none
offi,-2.6902057987569234,0.9364826184064067,none
ce,-2.901507258624372,1.161507964077164,none
made,0.5104736242408509,4.2156820216949695,none
point,-0.32430452487187306,3.458593914852178,none
many,-0.014713814448129508,3.37146553638847,none
bases,-0.2690049887784204,4.111574626738522,none
possible,-0.6531267904792301,3.2531407039961384,none
far,-0.8983637059837384,1.951469180121529,none
north,1.2433670402311003,6.193693143794485,none
south,0.9562515037269421,4.867526235901856,none
okinawa,-2.3745176091601645,3.0497672363653408,none
furthermore,-1.315590826440657,4.233580928036121,none
visited,0.06636641345619057,3.5857462959851163,none
philippines,0.13366767676527505,4.131192761561999,none
december,0.6134450416177191,5.021792815460762,none
visit,0.1940051455806515,3.014994143902316,none
sudan,0.439150055127889,3.4118673092910523,none
may,0.6153003281849937,4.844221566737238,none
personnel,0.02641336711642251,5.98136004352272,none
engaged,-1.0140944617708414,2.430297400144435,none
disaster,-0.45402314606187166,4.880407905484579,none
relief,-0.48363657607788224,4.594918511199214,none
operations,0.2961596241665956,5.8256209199589195,none
carrying,1.1631956171741358,2.8060578887381014,none
duties,0.4655534663830695,3.7844884556077396,none
manner,1.0143210115054038,3.5326832175205722,none
high,0.24007166063415655,3.676014848409691,none
domestic,0.33017593562848774,3.819855599620788,none
years,-0.6166339540704192,5.184066164224188,none
however,0.5022209782984269,4.2215295396615256,none
still,0.5812407021298585,2.658494926882913,none
one,0.44430287770736326,4.983446417195216,none
understanding,-0.2730946644147633,4.078138646039195,none
remains,0.5242442154610341,4.832416313963312,none
essential,-0.7841518940776209,2.544458598058078,none
general,0.5892685163033767,4.7038261120080085,none
agency,1.2397215825739425,3.787669992299439,none
published,-1.3423231078713365,2.9498845918458505,none
issue,0.4219061587748729,3.900089238318286,none
annually,0.95136062821567,2.3943451160836564,none
countries,0.08706734477810936,5.810003421209844,none
policies,-0.15469486570560503,4.649263537276081,none
annual,0.6605918142114225,2.825875510629468,none
due,0.20962988157853704,4.465227155252776,none
transparency,-0.32310107094500584,3.5266084039408514,none
status,1.0488811846555666,4.215133498992209,none
continue,0.018044951035512867,4.879686554190392,none
quality,0.9142552886208677,2.770903270839347,none
deepen,-0.7841518940776209,2.544458598058078,none
includes,-0.007785839595370153,3.812806040209918,none
article,-0.01909867089292611,3.0869368132450283,none
takes,0.7384704433522766,2.7703975888775654,none
well,-0.2296413640288194,4.721413569812204,none
dynamic,-0.3293005264853261,2.4358499919485874,none
joint,-0.036213506476395596,5.876712073907076,none
force,0.18898492427188354,6.138297068102936,none
developed,0.5687962840973615,4.077108482021334,none
set,0.5706125472789603,3.767189166928581,none
clear,-0.03274541991356961,2.2215071603405647,none
addition,-0.6560621414026488,4.519651707760088,none
review,-0.8066637564525553,4.715954948887632,none
efforts,0.47325780443910237,4.8881244508680854,none
island,1.2935454609407204,4.317138764650744,none
former,-0.12932963955425034,2.9834508789866963,none
director,0.21457768387892215,3.7682732200733704,none
prime,-0.36740824977028924,3.5581699650063863,none
january,0.018132166032350867,4.795065704566973,none
following,-0.8338790128142852,3.890450236951356,none
projects,1.3572594969109495,4.20228396272454,none
much,-0.6199924193221708,2.9796459634150945,none
effort,0.02441959309046527,3.279055354557578,none
although,-0.7880602863070398,2.94766899879036,none
possibility,0.009513156911660598,2.1909619257909565,none
considered,-1.0287960086518606,2.0486357409565867,none
became,0.16723003832426805,2.665914473405145,none
realized,-1.3124344612013745,1.6145692585148737,none
time,-0.14802269392281442,5.214983157282599,none
war,0.9070217193549313,4.79851249041721,none
military,1.3886189592966223,6.698149789940549,none
towards,0.5305501059952284,3.1554874262161032,none
strong,-0.23392069022587933,3.9734179300409664,none
become,-0.492351564470442,4.156967397801198,none
target,0.256990108080348,2.8899035241764603,none
parties,-0.9912471102030602,2.9142116787074164,none
public,0.9788442118107215,4.699643422182132,none
sense,0.1818493390576598,2.2491888169968886,none
subject,0.7686799424760299,2.5247227033458186,none
standing,0.5835288081787466,3.351924888607589,none
support,0.9545214184443749,5.681538370549166,none
discussions,0.26630135380248954,3.2893055486018064,none
issues,0.7684333131542491,4.218493930733781,none
people’s,0.9056696031181082,3.3128343646289,none
living,0.9714265892287616,2.669305152143509,none
therefore,0.18302165435028056,2.942692110562011,none
officials,0.7413304026832102,4.014323578166916,none
charge,0.8229793799649158,2.3025641883885353,none
took,-0.27110730419928836,3.34668863401985,none
october,0.766149680902701,4.8664467013631905,none
first,0.4768774896279968,4.9693613086599875,none
distributed,-1.4688659706050844,1.7362629920746462,none
meeting,0.47721630566891554,4.914042759125255,none
now,0.3082597275504226,2.766118885948157,none
considerably,-1.1967667781713038,2.1737311796878678,none
awareness,-0.13640488448033092,3.4581114551937753,none
university,1.314443051490714,2.9874581235849442,none
today,-0.7071172129836523,2.2053693990959964,none
see,-1.7887934719117908,2.997663363749592,none
front,-0.8013798241139167,2.5569737843302973,none
line,0.5925891279330674,3.7233934779996796,none
working,0.07180166683553364,4.29869779633423,none
work,-0.10582962496608452,3.9216494579784094,none
organization,0.7533815477598358,4.005783902959593,none
deep,-1.2000351376448537,3.2443045383203755,none
trust,1.1461041989600844,3.626212158245121,none
can,0.6280451763074024,4.6763740969663585,none
make,0.1327536368702286,3.9599392389827255,none
members,2.0793332876455164,4.497233881856064,none
started,0.07323486689238101,3.1011221098815036,none
promote,0.03911686546996774,3.927930374422345,none
century,-1.2039868519605683,2.8494151960985783,none
21st,-3.0665550099654,1.3335387868747914,none
must,0.2309558370785618,2.620296252438923,none
present,-0.7912279984325791,3.4566653349704235,none
global,-0.3974679849694802,4.698772671077998,none
situation,-0.2252736961927506,4.461696546037392,none
major,0.6113393199019611,4.800047100950024,none
state,-0.7767478281419004,4.185068258096471,none
circumstances,-0.6809075148216609,2.186162187497519,none
need,0.6154703281420953,3.5856232028551513,none
discuss,1.6635866154387862,2.401242590572731,none
greater,-0.39540629199983524,3.642523265512283,none
prosperity,1.027230095890804,2.6295707417720573,none
throughout,-0.34142567199788887,3.2301556696214346,none
world,0.39242206399978513,4.58715383538017,none
pursue,-0.12861507356339763,4.011910254114694,none
overview,-1.6333501379812105,1.8640902710996956,none
increasingly,-1.4948086932997438,2.3955990434157886,none
various,0.4260771446793744,5.074331027835165,none
challenges,-0.9698773480108359,4.2226487014864125,none
destabilizing,-2.875574917201577,1.134193308738002,none
factors,-1.0416075371710618,2.950600775673203,none
acute,-2.8200241699878057,1.0754058290558317,none
uncertain,-2.9842538922183968,1.2481380867321348,none
rights,1.8282239396356024,3.353614189062285,none
increase,0.03279892295958235,4.6923008071388645,none
number,0.3545324033168628,4.756213013317362,none
so-called,-0.18778522826911428,2.1111605611473867,none
zone,0.5436184570651098,3.534681993226846,none
situations,-0.02947412409093222,4.135670311440586,none
peacetime,0.321146723660019,3.2502843161691306,none
contingencies,0.38963463293335016,2.254414367684606,none
territory,-0.0988848412642049,3.3668904777550774,none
sovereignty,-0.4014797393778911,2.9556660655842872,none
maritime,0.2785979425837574,4.708598054025682,darkgreen
economic,0.6143662720189549,4.123358529519737,none
interests,-0.0062183104607937394,3.6838619968574773,none
etc,0.05149561157658279,4.695057935039507,none
trends,-0.8903213893634114,2.8412836248359605,none
neighboring,0.4644118602156003,3.5909120818116924,none
states,-0.5138068572763677,6.198953155405962,none
modernize,-2.5696285996775385,0.8053653421992772,none
reinforce,1.769113501239422,2.6281237921200518,none
capabilities,0.15153731942049875,5.662963921965176,none
including,-0.19453771229307107,5.940978083840862,none
area,0.22258089865410205,5.015800882110028,none
serious,-0.21194041290705423,3.304494261314002,none
col2,-0.2537494027228398,3.7645568493737422,none
recent,-1.3425134876301335,3.498566728760762,none
related,0.5259081166501076,4.520033700665497,none
around,0.0551173978652563,3.7272998207520582,none
russia,-0.397664866061289,4.895501305409477,blue
korea’s,1.4807460547631193,4.072702510146421,none
provocations,2.288320078456371,3.3500904451781515,none
nuclear,-0.06626760183672124,5.9285895853352,darkgreen
weapons,-0.15806023424776494,5.354244404101112,none
missiles,0.34909485963909326,4.905615432308792,none
rapid,-0.8483691411832719,3.6787336947335496,none
strengthening,0.39142248250188477,4.50081151350905,none
china,-0.15096923571981824,5.9047026638485685,blue
power,0.15324166521478572,4.468803168902473,none
expansion,1.1467649674127731,3.27128861629001,none
east,-0.012097220693000128,5.096774584719657,none
sea,0.19434326077204153,5.27917046701505,none
leading,0.12880771109453484,2.7988920927605188,none
changes,0.20908158505926386,4.5834312668640464,none
pacific,-1.581918504423834,4.757409062196639,none
ocean,-1.6959518450249453,2.929689084284163,none
common,0.06692301593589975,3.53654794930166,none
balance,-0.6572498498281362,3.0064061434243534,none
side,-1.0464262612161659,2.453983930607958,none
using,0.10516568181112936,4.17738672261606,none
bomber,-1.651359600153368,1.8780781280098167,darkgreen
armed,0.28270259749823234,4.622283954509928,none
fl,-2.725446181448534,0.9744157872010438,none
th,0.26879684431407364,4.919891255644081,none
part,-0.24123886381557755,4.588035308187675,none
    ,1.048378148383719,3.6519154335459953,none
european,-0.09477782025028278,2.6023917285850504,none
army,0.4562684841126029,5.109674568150463,none
approx,0.055221546421525304,4.676417202134774,none
navy,0.484269251865895,4.7781605486846965,darkgreen
air,0.15568938290462728,6.155023219314472,none
chapter,-0.8781333156957432,4.103531706462199,none
marines,-2.875574917201577,1.134193308738002,none
total,0.11086703144154794,4.699528252879123,none
united,-0.1402442743365299,6.005742009820437,none
command,0.6705310479113745,5.738090576912948,none
despite,-0.08610086166841256,3.1347530481191934,none
changing,-0.20759532596685654,3.3754140577477303,none
relative,-2.16276437129177,2.2746434584440456,none
terms,-0.5176030449951309,3.522473635456501,none
united states,-0.8624557914439361,6.408105028328627,blue
powerful,-1.7949315842526494,1.9895339766610889,none
believed,-3.288686811625685,1.560543244910847,none
central,-0.1632309070451243,4.2305596569363955,none
assets,0.5647680009300582,3.278072534829551,none
stationed,-1.0553699959451155,2.7414714627904604,none
consistently,-0.38605329631712076,2.944607004731288,none
play,-0.9942902840764141,3.3806287558977637,none
role,-0.10229884427888226,4.244478707063796,none
ensuring,-0.41651282606894824,3.9289988975471286,none
asia-pacific,0.3083044675846721,4.321173936589873,none
naval,-0.10347011078505147,4.3753350687216805,none
presence,-2.7322802882908204,2.714885211135988,none
northern,0.09198097796759695,3.0877532561370034,none
move,0.9632168648830477,2.298294878835546,none
isr,-3.408515699383988,1.6810636420928577,none
intelligence,-0.26609376641722116,4.0354573372033595,darkgreen
surveillance,0.02235392754588738,4.310221514349412,darkgreen
reconnaissance,0.030394495479406907,3.899027393481755,none
quadrennial,-2.0083875768195782,2.77763112693805,none
qdr,-3.0894356174841713,3.949376457250295,none
released,-0.9690786616446979,3.479291193163353,none
expressed,0.2684762556550652,3.0361084619799223,none
africa,-0.8883898575011694,3.786890930177869,none
meanwhile,-0.764303616543453,2.9305625430912556,none
government,0.45283404779119313,5.581229003771243,none
budget,-0.4367947384144469,5.561023643534718,none
sequestration,-3.655038348386878,1.925211146339189,none
focus,-0.17356767659346833,3.707545087683089,none
spending,-3.174020723935533,3.0554150265541566,none
initiated,-1.2505292561525054,2.213762116863636,none
rebalancing,-3.586156657101387,1.8574789101294793,none
impacts,-2.875574917201577,1.134193308738002,none
emphasizes,-1.8021981493431796,2.624297298775994,none
articulated,-2.8200241699878057,1.0754058290558317,none
strategic,0.13230440680258354,5.450600835894576,none
risks,-3.606086347873341,1.8771133397474606,none
mandatory,-0.27612880632362674,3.78046930061453,none
guidance,-1.5327995396970366,3.9868092417231464,none
strengthen,0.4880356423989839,4.267973762193809,none
relations,0.18660754083254374,4.426464117079495,none
allies,-1.791205952407288,3.669917900304508,blue
deployed,-0.3375481675910042,4.588899601894259,none
attention,0.026181991799245713,2.649071240358691,none
paid,-0.5889272178020305,3.3120362267894072,none
expand,0.03471514569780156,4.090133313614858,none
collaboration,-1.2936016687731093,2.91450050076692,none
afghanistan,-0.4222222964433292,3.93305743017768,blue
cuts,-3.0280324419508764,2.9429627903985702,none
impact,-1.5212377423131511,3.079814435440248,none
strategies,-0.22096591879764327,2.9437985151207577,none
centerpiece,-2.498485712259533,0.7269831826114205,none
department,-0.7922043905148113,4.584566404199223,none
commitment,-0.48364782936876666,3.822871573195282,none
rebalance,-1.5458432457117894,3.3149147402287533,none
enhance,0.43318033838558584,4.585700642744308,none
alliances,-0.398274617583477,2.264109783561151,none
notes,-3.3750006936558,1.647483566361969,none
source,-0.08559974563733412,2.4418082211016463,none
documents,-0.7432082282809769,2.734976542148704,none
materials,1.1148627588538151,3.4613864845481754,none
hawaii,-1.2841770693057923,2.2388138376617834,none
guam,-1.5667018104012516,2.8350492482254426,none
deployment,-0.20817023759360662,4.8134135294108065,darkgreen
trend,-0.2126330872949682,2.3515281746898693,none
republic,0.7955913115318636,4.102309747871489,none
korea,1.2087747349434539,5.973758215845124,none
mv-22,-2.862169382731155,1.120041401677463,darkgreen
maintaining,0.18369798157750672,3.790195163220768,none
troops,0.6464675317814278,4.335213004598931,darkgreen
relocation,0.34814792473216827,4.311998253097734,none
iii,-0.6536723059730728,2.1662029706844907,none
marine,-0.10086197205856065,4.786982702367317,none
expeditionary,-1.668901956984395,1.8917016784101945,none
ground,-0.14788991911316096,4.430920522529589,none
south korea,1.6627780732651447,6.144693660865614,blue
additional,-0.3686497493799925,3.7950372969000243,none
two,0.4786973215520485,5.31857783820154,none
aegis,0.054880939596400974,2.85174745720927,none
bmd,-3.0568685286096167,1.32352566060596,none
taiwan,-1.6748648074148609,2.5295766795959884,blue
iwakuni,-2.9263508620256147,1.1876009054288006,none
plan,0.8456850436720035,5.007250416178979,none
currently,0.0816347501240801,3.4206912121533017,none
announced,-0.8862858422590987,4.052400104387313,none
september,1.0781930861417925,4.62932913683041,none
singapore,-0.062433360841696976,3.0308884831838707,none
rotational,-1.1584483305520077,2.1451972114654927,none
combat,0.7519619280465023,4.892495859029553,none
ships,-0.2347051132483137,3.699770948330028,none
submarines,0.38276117898285794,3.574686533639852,none
port,-1.395163046461747,1.6789421107849145,none
carrier,-1.1544617289294399,2.8134449016832788,darkgreen
june,0.47356708873607095,4.763988382727301,none
broad,-1.7348476178060168,1.9429024135259192,none
agreement,0.5222049619256398,4.625364434354771,none
bombers,0.46745073442499874,2.739704166541756,none
atlantic,-0.7727539804030781,1.8578720853824473,none
reached,0.3694842838169203,2.8096200845829573,none
facility,-0.4990487512342885,3.247779406873538,none
aircraft,-0.5665678641675864,5.584593689062602,darkgreen
april,0.3489493259129969,4.926343576426014,none
ship,0.07896452819068339,3.527985997244215,none
transfer,0.3194122353883438,3.827493133522417,none
coast,-0.764303616543453,2.9305625430912556,none
guard,0.6169336729441285,3.145468131114608,none
temporary,0.5404092416559304,2.5046034855009096,none
rotation,-0.6536723059730728,2.1662029706844907,none
august,0.5562545045364171,4.305226151795386,none
unmanned,-0.3702808022819776,2.9332998398861014,none
enhanced,0.8284417510784019,3.218872435643208,none
indonesia,0.4869962613655318,3.4205002748239193,blue
purpose,0.2574179516830928,3.177702229041429,none
enhancing,0.6428713703302318,3.9613643987726115,none
australia,-0.4510105565538659,4.204461353247205,none
november,0.5842235480051281,4.629105316552447,none
summit,0.7380231062570607,3.648446141397985,none
conference,0.5976147160294165,2.7271539553483697,none
initiatives,-0.8836478763112855,3.783509336903217,none
increased,1.0741742267904901,3.352719677263949,none
reference,-0.5269193626287121,3.0455916166785935,none
corps,0.3500183317584828,4.783227665499061,none
secretary,0.8181869454492582,4.68208266946989,none
hagel,0.1818493390576598,2.2491888169968886,none
deploy,-0.7688483109081911,3.0865607990702437,none
thailand,-0.1705361665976897,3.417930648482991,none
equipment,-0.09925588049703038,4.9761769184820714,none
document,-0.3806591806518171,3.4987583097391846,none
created,0.5238185533482581,2.7797832369477984,none
survey,-0.4279316161421791,2.2856582782579515,none
used,0.1995204597343533,3.7425741689949157,none
korean,1.7791087015493232,5.343753837084342,none
peninsula,1.2141037195842095,4.677982497678361,none
half,0.6825632437352174,2.297003401593048,none
million,-0.01914776112967556,3.646533911657882,none
across,-0.9002122258709299,3.1809098498344044,none
dmz,2.6942077368766912,2.1104432627649086,none
mass,-0.12513818682887493,3.450089407676248,none
destruction,-0.3463909064862008,3.400376319874592,none
developing,0.393710057023115,4.201194093463924,none
deterrent,-0.2179869463818965,2.6908942033957195,none
existing,0.7597413697655243,3.4164174538186,none
regime,1.018184588936119,2.909140923678978,none
develop,0.2610622324468456,4.463890762568398,none
weapon,0.8300276916766687,3.784188535582113,darkgreen
ballistic,-0.21607242922001937,4.207452877108223,darkgreen
missile,0.23577177449113598,5.356025164784034,darkgreen
small,0.6596130981265628,3.61691933228633,none
technological,-1.7610893418957625,2.977380266549948,none
capacity,-0.9743147935831776,3.3663096515159343,none
considering,1.1496150754525691,3.173681808762927,none
fact,-0.42568700263691445,1.999105473441568,none
kingdom,-0.5759009921871716,2.614070446915627,none
france,-0.3419918447849086,2.7799663686841787,blue
acquiring,1.8644566711879207,2.1522307484744263,none
technology,0.09285960619589034,5.02246727316335,none
early,0.055170755199995924,4.1046129194302194,none
conducted,-0.0013085770935853246,4.1728474251970695,none
test,1.293680921557722,3.6971647954593028,none
february,0.32523312905446916,4.800776367078628,none
acquired,1.1330760369029977,2.4198728285366267,none
warheads,-1.9485670437553966,2.108693962558205,darkgreen
enhancement,0.8775430832413573,3.3667801890439124,none
poses,-1.5353204153657298,1.7879234083138584,none
threat,-0.3180213858949904,4.310539835777108,none
northeast,1.1384517425599041,3.9564036218910523,none
asia,-0.29741940529192235,5.253326579646729,none
give,-0.780299016513881,2.258996701708573,none
priority,0.4686004348601772,3.1453740715032086,none
political,0.41774709415639005,3.8184032497263916,none
diplomatic,0.5412378967983971,2.6870440575300187,none
foreign,0.11532496401377897,4.3984886300728805,none
details,0.2898326744548495,2.3261094660466988,none
asymmetric,-0.19596108321035136,3.3671221887620213,none
actions,0.11972719585361415,3.447684184417342,none
constitutes,-2.8200241699878057,1.0754058290558317,none
needs,-0.14644072208240264,2.485624766070237,none
multiple,-0.12771914587160255,3.5696404795964214,none
attacks,-0.5646197304104087,4.285125274537034,none
imminent,-2.5696285996775385,0.8053653421992772,none
additionally,0.4182679621031121,3.469323847052277,none
regard,-0.90871814942259,3.1870189564042044,none
range,-0.6496219453243097,4.6045576697192905,none
km,0.5270508944001276,3.5464435873095304,none
washington,0.19579085121078313,2.8464511478900696,none
scud,1.585660051543389,2.166879456379073,none
er,-1.5958254775748284,1.8349400032412144,none
north korea,1.2545811173262722,2.2586157313340114,blue
shows,0.22994937780725158,2.214545401307515,none
image,-0.9973470546494065,2.4180278506119706,none
affairs,0.4026976292028413,4.040566129688476,none
zones,1.2621575639681712,2.9501953830027166,none
according,0.18373192188002616,3.8591983270064802,none
reports,0.5661839494877419,2.380317515643547,none
way,1.038821208903308,3.2851937157321363,none
entities,-1.233069582902601,2.2007622854235396,none
production,-0.3435943998289195,3.4723419677215235,none
sales,-0.7001970385489092,1.80379641702246,none
plans,1.6916381093636612,3.944708432924457,none
importance,0.22454531313423387,3.0674192095074906,none
economy,1.1556881590446864,3.323955813843448,none
transition,1.9456978997694447,3.629581268956628,none
kim,1.4748332580187877,3.5507598949141026,none
jong-un,0.9927000835609469,2.826780955838164,blue
levels,-0.8757747720157498,3.010828712663165,none
aimed,-0.14644072208240264,2.485624766070237,none
base,-0.532148159242217,4.333422398025719,none
chairman,0.728031884886779,3.3294981747963663,none
es,-3.1878643683742602,1.4581138874952373,none
carried,0.6318304114415221,3.7512041140982126,none
three,-0.23264888352396335,4.68509190318504,none
key,0.5278380286110957,4.448667774509044,none
chief,-0.530791780510276,4.2234260068446705,none
staff,-0.07401985002443867,5.118143163102227,none
result,0.6863753408567381,2.99043100030061,none
held,0.28270259749823234,4.622283954509928,none
individuals,0.33846602360546907,2.425180661106698,none
selected,1.3101560130047645,2.5466168265561353,none
commission,0.9927000835609469,2.826780955838164,none
executing,1.6736175924156804,2.2304224409265485,none
energy,1.2189786354632968,2.7664037027224113,none
food,0.6605918142114225,2.825875510629468,none
expected,0.6841760034049073,3.1932109380120934,none
responsibility,1.237083651810788,2.5986075220707305,none
accept,-0.5649242147606874,2.1011608616994395,none
norms,-0.8781538069095767,2.8324912698051996,none
active,0.5174294204482907,3.9827767228435875,none
cooperative,0.707116054171943,3.8247397441252198,none
regional,-0.30261675788293174,4.694688089936131,none
third,1.0438913617114798,4.083174828529788,none
session,1.9715621994508747,2.773502187959113,none
committee,0.8455961551136123,4.584922102748358,none
party,1.104039901295795,3.331532268376176,none
adopted,0.5422770195458733,2.9748749082760315,none
concerning,-1.1992581229810761,3.929131747177062,none
deepening,-0.9625920210983372,2.3925649016820087,none
regarding,-0.18428820812530464,4.215657993093538,none
wide,-1.4838311905595523,3.052650337221635,none
areas,0.14333733679863025,5.338987802734511,none
decided,0.6690087286251644,3.7775527045233708,none
establish,0.6663285284489415,4.227250177045482,none
team,0.30441149454146565,3.3163283010038995,none
reform,0.7501931229521762,4.117359956913539,none
responsible,-0.06765533963745282,3.2756768130931073,none
overall,0.385576530182447,3.0864501159657243,none
deal,-0.535382432170079,2.3637282331677403,none
problems,0.9414749038675749,2.4819202037212014,none
within,0.09438966182438722,4.132374218597026,none
forward,-0.010006893868504316,4.029488835610424,none
deter,-0.561397315485136,3.6963545647162133,none
denial,-0.4837193361673092,2.3261922041194603,none
a2,-1.2765752494033191,2.902134807409734,none
ad,-1.1646517349224328,2.8208460175567174,none
rapidly,-0.6851629204817706,3.380837478366511,none
expanding,0.6900956529260065,3.8126777873325834,none
seas,-0.03274541991356961,2.2215071603405647,none
measures,0.026717869314798363,5.05812072401465,none
involving,-0.8873956276748418,2.33747027073688,none
great,-0.41047931891229034,2.6757731624583645,none
concerns,0.1368296853156394,2.2816132650502845,none
together,0.16723003832426805,2.665914473405145,none
lack,-0.8346112739878423,2.581114373725697,none
information,0.44310260792608175,5.258447613439627,none
procurement,-0.02787221210875742,3.3808345356834764,none
goals,-0.6645383087751897,2.6781258528541647,none
past,0.8893461186213947,3.134675838552965,none
locations,-0.8672544168552063,2.3227126503802147,none
units,0.2834262906970858,5.191826177903697,none
main,0.09540580266986524,3.698679694173923,none
exercises,0.21058809772372816,4.428169659189379,none
continues,-0.6236644816659609,4.076250750557482,none
pace,-1.3317598744119272,2.2742378407181247,none
size,0.5412378967983971,2.6870440575300187,none
approximately,-0.09268030442023979,3.6500314887834753,none
col1,-0.41047931891229034,2.6757731624583645,none
growth,0.5597530618209223,2.7541558133703,none
rate,0.8270186471837332,2.890365242461217,none
change,-0.6844990363919222,3.5617924850383993,none
fy,-0.30091725982716916,2.1933684975338843,none
near,-0.28895630632792985,3.6843555068509155,none
ight,-2.498485712259533,0.7269831826114205,none
shown,1.7646285368937813,3.30829211587388,none
flew,-2.4726940848965073,0.6983691936110247,none
airborne,-0.48625914736648207,2.7303441053723794,none
warning,0.5828503774065287,4.800786633851565,none
days,0.5552060681426358,3.1379508432489605,none
identification,1.4903212483516608,3.245296176576208,none
march,0.3151268278401166,5.328243487727638,none
wing,0.6123373019565341,3.3723620489130623,none
administration,-0.19347524404814886,4.5322082136048545,none
fighter,-0.40256189731778125,3.3605934445047208,darkgreen
came,-0.3293005264853261,2.4358499919485874,none
announcement,1.7406413779587635,3.138657669214658,none
upon,-0.05339567577601115,3.1114129569609523,none
freedom,0.2898326744548495,2.3261094660466988,none
concern,0.6961096159065832,2.3932774260289693,none
objectives,-0.33634154165167934,3.9184726030835293,none
control,0.5596411708425898,5.182807689560951,darkgreen
islands,0.027219127302309246,4.065596252866177,none
claims,-1.0773219120213982,2.476617692624303,none
use,-0.22229941281588525,4.5526402858893364,none
put,0.5976147160294165,2.7271539553483697,none
continuing,-0.8672544168552063,2.3227126503802147,none
training,0.9075289760897707,5.947918805781545,none
pilots,-1.2181572546003614,1.541167830941241,none
research,0.11662977228394927,4.3769407148562935,none
necessary,0.25449250410218405,4.145640389517642,none
technologies,0.02634152402686665,3.7477416507635173,none
landing,-0.28789155837805686,2.9917050355915498,none
tests,1.3482568153835566,2.5738869561830318,none
pointed,-2.9263508620256147,1.1876009054288006,none
next-generation,1.5217511969895605,2.45048619851712,none
established,0.7393415834770473,4.810033766151057,none
adiz,0.36253504077187676,3.102856261980015,none
senkaku,-1.3124344612013745,1.6145692585148737,none
described,-0.7001970385489092,1.80379641702246,none
said,-1.4688659706050844,1.7362629920746462,none
rules,1.75648891428746,3.1499661535378665,none
forth,0.09452007591794433,2.3120855433854093,none
emergency,0.2519158455803833,3.6676039272509593,none
case,0.1461448942810604,3.575580679038622,none
procedures,1.0455182436649357,3.3730488982586477,none
acts,-0.953676102350055,2.667604212328825,none
law,-0.5001055032516615,3.652694562682016,none
president,0.07694193319518511,4.541217432164737,none
broader,-2.9731165119023597,1.236523739599325,none
country,-0.04291857825636856,4.256423237540121,none
modernization,-0.33146070313754517,3.1279643471878624,none
effective,-0.5784653267246568,3.772862310912655,none
citizens,-0.061106592233627036,3.19692780887668,none
violates,2.335311055328435,2.8847950733288097,none
ukraine,-0.06731528691038664,2.582664827966319,blue
violation,-1.3469187508246627,2.2855225164314157,none
laws,0.9849869911209576,3.1076848547102087,none
view,-0.25522402873979383,2.968321100138962,none
rise,-0.38605329631712076,2.944607004731288,none
results,0.9458404175506835,3.1748244365027585,none
southeast,-0.8816702091880506,2.6152990690869524,none
disputes,-0.3702808022819776,2.9332998398861014,none
asean,0.14923136429086603,3.6604429983178597,none
member,1.0143626046726435,3.9807041713663613,none
vessels,-0.4905159289509963,4.4627408368628005,none
operating,0.6154703281420953,3.5856232028551513,none
vietnam,-0.28789155837805686,2.9917050355915498,blue
sustained,-2.9501945128743228,1.2125758101348876,none
asian,1.0988005090542161,3.0268476879821753,none
increasing,0.44124606343332207,3.8017326136824643,none
modernizing,-0.535382432170079,2.3637282331677403,none
focusing,1.4836864408912034,2.423150202082397,none
modern,-2.110739210446485,2.234356191414724,none
middle,-0.7486739852511606,4.165112319447369,none
response,0.1868968943551136,5.0612676008893525,none
occur,1.0244907703467145,2.3421523756041056,none
particular,0.43358526513510665,4.172934084396543,none
resources,0.15944113327099352,4.4072383980815815,none
important,-0.14759508841192256,3.6378149325033817,none
complex,1.1287832818067691,2.7815181475362505,none
diverse,0.12470228918562083,2.4447320132892805,none
seek,-0.47741528444189374,3.2323129167294575,none
appropriate,0.2574179516830928,3.177702229041429,none
responses,0.2314621618527546,2.9081219144897523,none
outer,-0.5381647908322573,2.7677220915696026,none
space,-0.27676943036571544,4.958827621505664,none
variety,-0.780299016513881,2.258996701708573,none
satellites,0.20243590840308717,2.3888919635440016,none
launch,0.6224766022735895,3.7845412213335243,none
functions,0.4219061587748729,3.900089238318286,none
among,0.4723181113218194,4.516578068774068,none
others,-0.40256189731778125,3.3605934445047208,none
include,-0.11634784463699578,3.8065622553262184,none
facilities,0.3113964759425928,4.749930535035556,none
targets,-0.1684408799742364,2.7886004361871346,none
communications,0.7206439897588196,3.4781363689747486,none
gathering,-0.42929221802020395,2.508116704178793,none
communication,0.5115727205187789,4.117663484631195,darkgreen
positioning,-2.8344095699512173,1.0906660380112536,none
precision,-0.17210025678256058,3.3501162687721218,none
systems,0.29093701148675616,5.118674711435133,none
risk,-1.6841249345401528,2.536465835385452,none
stable,1.0659865531750838,3.387586291682583,none
month,-0.4631911824108632,2.026595834789678,none
white,0.6556799741314571,2.5179656539899233,none
indicates,-2.914059336765478,1.174700347540234,none
station,-0.625328139489681,2.1454305363632478,none
cyberspace,-0.68103347723450125,3.023488663190343,darkgreen
foundation,1.194923661708783,3.351839037820225,none
ict,1.2545811173262722,2.2586157313340114,none
advancement,0.05478020837317349,2.6285682747714425,none
networks,-0.062433360841696976,3.0308884831838707,none
cyber,0.2685835232843158,5.098771608306535,darkgreen
asymmetrical,-2.498485712259533,0.7269831826114205,none
capable,-0.31054425295756993,4.067022782278038,none
strengths,-1.025299305799488,3.2707487306074174,none
points,-0.47741528444189374,3.2323129167294575,none
enemy,1.0486094524948864,3.101844266422705,none
offensive,0.753204904749803,2.942882741667572,none
organizations,0.359393562942063,4.428144542694324,none
agencies,0.7641875108737277,3.4800867006185134,none
involved,-0.6304172016079785,2.653467825146314,none
science,0.9981517068522737,3.212000274161898,none
improved,1.4258731730148344,3.4696871490785135,none
parts,0.7439581743433036,2.8312713105655507,none
promoting,-0.440066141262777,3.7348191738207603,none
overseas,0.708537768355378,4.056629488630397,none
exports,0.9357625342368424,2.967731614844777,none
supporting,0.7128944243544083,2.9142210278070233,none
improving,0.6780581175434276,4.168464917865841,none
able,-0.0013064721330384608,3.585061548285499,none
carry,0.6266704837958221,3.544832215789569,none
opportunities,0.7384704433522766,2.7703975888775654,none
reducing,-0.5381647908322573,2.7677220915696026,none
reconstruction,1.0587940225319792,3.0552627018617544,none
legal,0.9412936138914574,3.2158992630630405,none
basis,0.221518194254233,3.375285863246777,none
submitted,-2.044512477934504,2.183053709857873,none
report,-0.8690142094444271,4.424489318090304,none
abe,-2.633021294292194,0.8745613396643978,none
holding,0.5092136695125746,2.8645274409602695,none
press,1.1624178456989298,2.3243461061724724,none
approval,-0.7727539804030781,1.8578720853824473,none
stance,-2.7080905760336473,0.9557551719631837,none
realize,-0.08593314994186196,2.8471387080494424,none
fy2014,-3.508450013612775,1.780625303980358,none
beyond,0.22994937780725158,2.214545401307515,none
building,0.7551981979068559,4.180571487499333,none
gsdf,-3.733038670298051,2.0014816766351555,none
respond,0.6336716262635007,4.217020081263089,none
deterrence,0.2547784708936441,4.5823240068661955,none
capability,0.41947441913545347,5.079004184031135,none
conducting,-0.0892374750978553,3.7428618425071245,none
tailored,1.3348239553742889,3.305406212110302,none
robust,0.5961319913478678,3.3003271214203074,none
comprehensive,0.6819629308486634,3.955186664176933,none
perspective,-1.1352783312674812,2.5190741608534117,none
particularly,-2.2111801818776624,2.928383906264523,none
resource,0.7632076891182705,2.4411601500866698,none
whole,0.1624963295451337,2.4175827090758863,none
demand,-0.2924084718282417,3.28198364154731,none
build,0.18381116199989875,4.041543911308258,none
aspects,-0.17126165256492124,2.6573311335618257,none
readiness,0.22672443700268177,4.359558234448854,none
reinforced,2.479026754298456,2.3260516298726364,none
advanced,0.946567868497647,4.107603066143253,none
consideration,0.5647680009300582,3.278072534829551,none
infrastructure,-0.08355061467951447,3.7832591153465907,none
operation,0.837177958312366,4.799907876469883,none
along,0.5033806382835702,2.7140618945305133,none
approaches,-3.2952798993433325,1.5672080332865685,none
japan-u.s,-3.5571083509921855,1.8288055497624203,blue
alliance,1.6744737552883306,4.568402504866306,blue
promotion,0.385576530182447,3.0864501159657243,none
stabilization,0.2961003352378969,2.4555550975357407,none
improvement,1.248795817663181,4.1468646357456995,none
environments,0.2314621618527546,2.9081219144897523,none
effectively,0.2790984599950603,4.0280568527770635,none
ll,-2.5915337554428026,0.8293431356725794,none
roles,-0.9257580175227111,2.6473247203723798,none
built,0.5885925441340374,2.4701524953349425,none
superiority,0.649831363622385,2.764304000322084,none
emphasize,-2.546867569401116,0.7803736885312403,none
divisions,0.0047392385985154046,3.475400250967034,none
brigades,0.27841658265152786,2.7874347780561917,none
reorganized,1.263204798158759,2.396591414223058,none
sustaining,-3.0568685286096167,1.32352566060596,none
perform,0.7567013720367319,2.3499537980601963,none
amphibious,0.37121692190108985,3.9086187801394754,darkgreen
msdf,-3.713633270119665,1.9825481431499057,none
destroyers,-0.5173728430074109,3.1559690979206114,none
introduced,0.8808815169548202,2.5251344313896364,none
added,0.02216104183314742,2.5183914885925542,none
eight,0.5391706415231774,2.281281427160898,none
submarine,0.3707823660700372,3.503056885911605,none
patrol,0.275956711940089,3.8265570308293926,none
p-3c,-1.2824455692422145,1.5912257186202858,none
acquire,1.2517866069135335,2.789815521478352,none
destroyer,-0.7483666936836593,2.5184621745764693,darkgreen
asdf,-3.665796765552169,1.935757621114721,none
centers,1.496303550902806,2.7839186586414013,none
groups,-0.05355409031148977,3.8044979194803705,none
squadrons,-2.1710593435053394,2.2810657921924755,none
squadron,-3.2403908497469427,1.511598458234089,darkgreen
unit,0.9490065810520746,5.195085511876195,none
newly,0.7518609130788739,3.312576338879015,none
naha,-2.5915337554428026,0.8293431356725794,none
aerial,0.5103120646722779,3.270166585048911,none
refueling,0.4663061979438932,2.4518176024208453,none
transport,-0.23357725968310414,4.121492833737407,darkgreen
strengthened,0.6605918142114225,2.825875510629468,none
operational,0.6734512225817226,4.4422352970256265,none
education,1.2496245575741587,4.516168155594168,none
medical,0.5097123012015488,4.670159309374276,none
acquisition,0.8102825842261312,3.5971930064961835,none
local,0.6763715869566063,4.773071031774078,none
communities,-0.9069702120941683,2.3518124649295484,none
ceremony,1.0209286118571337,3.0821569801893625,none
posture,0.6108303094939176,4.771123315055728,none
southwest,0.9817340877559869,2.5971042767851906,none
arrangements,-0.6536723059730728,2.1662029706844907,none
expenditures,-0.3556673509241194,2.454906249240714,none
account,0.05478020837317349,2.6285682747714425,none
period,1.0129008567996136,3.9138253968973964,none
items,0.8593105305643456,3.113330539960571,none
reorganization,1.2451303989332194,2.6987891162537068,none
programs,0.11035111043378477,3.944077796515977,none
example,-0.8781538069095767,2.8324912698051996,none
mainly,0.4799820673847891,2.6434628668264173,none
1st,-1.1584483305520077,2.1451972114654927,none
helicopter,0.004720225203289743,2.7822459941570106,none
advance,0.4896247118129844,2.804169224520493,none
division,0.06800758225776359,4.151085196484179,none
mobile,-0.28563057826532295,2.8726144177127626,none
vehicle,-0.2674053040491621,2.8595486983855807,none
introduce,0.33846602360546907,2.425180661106698,none
brigade,0.2489272709636622,3.301666801144562,none
vehicles,-0.3860549125003878,3.7534377877847445,none
transportation,-0.014713814448129508,3.37146553638847,none
southwestern,-2.5231799247615645,0.7542797754029161,none
deploying,-0.4165749825527864,2.966487670547349,none
procure,-0.8030774707024395,2.275687931900112,none
remote,0.7733466298499522,2.6018262473194267,none
maintained,0.30102310198166354,2.5701381235259104,none
attack,0.19884418388598085,4.084971208485485,darkgreen
site,-0.048195309698882687,3.567117810496773,none
vessel,0.3405007004455696,3.2906599460647614,none
boat,1.5179634524107815,3.2009315149356135,none
carries,1.6635866154387862,2.401242590572731,none
progress,0.7879398688660045,3.525872550758456,none
parliamentary,-3.1037998979188646,1.371947249147382,none
senior,-0.019121548081299514,3.310071654914905,none
vice-minister,-3.3333892120730524,1.6056538435148164,none
build-up,0.95136062821567,2.3943451160836564,none
steadily,-0.9264955428420514,1.9724282748410602,none
responsibilities,-0.8403285442591398,2.805158321444896,none
providing,0.9486622888524148,3.380998789761987,none
pac-3,-2.5231799247615645,0.7542797754029161,none
rescue,0.1897406095884743,3.58907931207726,none
responding,-0.562000264156969,3.1879132077947543,none
missions,1.0026838152140678,3.9724265301860475,none
defense-related,-2.445701219995074,0.668305956283543,none
light,-0.47975238323923053,3.415679293115486,none
fy2013,-3.4402674818800296,1.7127878497723836,none
protecting,-0.061106592233627036,3.19692780887668,none
yen,-2.9617661889219464,1.2246728918288738,none
continuously,1.9571995898412888,3.113394049107681,none
promptly,0.5661839494877419,2.380317515643547,none
radar,-0.26597291685565105,3.485913932257113,none
sites,0.46363704676098333,3.4779771190015323,none
coastal,0.256990108080348,2.8899035241764603,darkgreen
conduct,0.23008917202431295,4.138833767846879,none
incidents,-0.4279316161421791,2.2856582782579515,none
activity,-0.17126165256492124,2.6573311335618257,none
four,0.19599748993514415,4.004717165659229,none
expanded,1.7244292878616527,3.127089035737843,none
ed,-3.0665550099654,1.3335387868747914,none
closely,-0.04418240462066273,3.0178528005691727,none
relevant,0.09719751384219098,3.6548334425205584,none
ministries,0.08883526438155616,2.470496881272305,none
sharing,0.7945524567470125,3.6885265956119286,none
implementing,0.054974245260868936,3.1141447228030374,none
cold,-0.22756333957711117,2.1400660752066614,none
times,0.5534974597099958,3.3306202128710534,none
water,0.029332431264843917,2.7646276469062343,none
flight,0.44060761884055183,2.982583399046597,none
deploys,-2.7423034321851847,0.992501748402526,none
stage,0.24616891413598788,3.0520075033583365,none
defeat,-2.2110747119877425,2.3120431091446703,none
without,0.3576031285557231,3.378720369259516,none
re,-3.345574341138338,1.6179188433270137,none
tactical,0.4585604639722473,3.5208590015933687,darkgreen
implemented,0.08930886117174515,3.163805432122084,none
thereby,0.6556799741314571,2.5179656539899233,none
large-scale,0.03717461655473088,3.126838565612324,none
name,1.114144779080574,3.294432445404503,none
system,1.417056573863187,5.526268238749344,none
patriot,-0.26520124458064037,2.167415810934548,none
coordinated,-2.6717580638430336,0.9165571107558161,none
class,0.291511952011001,3.0196902860512127,none
surface-to-air,-0.053081699305230746,2.4183890664672227,darkgreen
guided,0.05483612534526665,2.7463710901127607,none
cruise,-0.2288329420736966,2.544961109978247,none
fy2015,-3.4246002038296366,1.6971449225892896,none
six,0.48931797820711626,3.2850903384008663,none
equipped,-0.5602244248929845,3.29151579028997,none
designated,0.9968985757400598,3.377617877501974,none
2nd,-0.40559972988076426,2.4909937197574363,none
monitoring,-0.11031725960181366,2.2775762896873113,none
introduction,0.4570108600185002,2.8274283723701292,none
prevention,0.543480591938257,3.4605544004787143,none
formulation,-2.445701219995074,0.668305956283543,none
focused,1.275195286989282,2.625853024758798,none
human,0.43163429457640135,4.194533317899787,none
regulations,2.0769028809047283,2.698784159139988,none
group,0.5110461779378149,4.543988724999494,none
posed,-0.3702808022819776,2.9332998398861014,none
growing,-0.7656001706711794,3.533110069114856,none
sophisticated,-1.1229679707503697,2.7905703889770144,none
complicated,-1.1178773001319033,2.1149835900165925,none
countering,-2.5915337554428026,0.8293431356725794,none
bilateral,-0.1186461086809896,4.283465614397912,none
multilateral,0.9370845820020612,3.967540242880618,none
contributes,0.9331053956629343,2.5624021963057584,none
event,-0.004904415373052197,3.2999441617572423,none
disasters,-0.29511546115204806,3.5066732426132963,none
natural,-0.5395699284329509,3.054660510583152,none
municipal,-1.2181572546003614,1.541167830941241,none
governments,0.12845723671891524,3.7930303417959554,none
search,0.6768891722332295,3.4752277071534867,none
victims,0.09452007591794433,2.3120855433854093,none
missing,0.5661839494877419,2.380317515643547,none
treatment,1.240614332903261,3.003373784311578,none
preventing,-0.20242863057432134,2.5259456626722883,none
supplies,1.0583391801868611,3.4212480334805306,none
dispatched,0.1977202306923323,3.443546264562693,none
earthquake,-0.5546470905048906,2.779591132792948,none
place,-0.06689689397974942,4.037076138035536,none
initial,-0.9801865363055996,2.4054554564356256,none
called,-0.68103347723450125,3.023488663190343,none
typhoon,0.5418312306714338,2.841279752431271,none
help,0.016850910605098572,2.3680237234259054,none
caused,0.19837269336925487,2.6436209898466814,none
heavy,-0.4680674760870223,2.7172439183013233,none
management,1.8523644324307489,4.508910924904579,none
countermeasures,-0.26520124458064037,2.167415810934548,none
nankai,-2.445701219995074,0.668305956283543,none
prefecture,-3.3750006936558,1.647483566361969,none
nationals,-0.2542801726002987,2.5632871891114744,none
persons,1.4098761052848412,2.7221338523649807,none
request,-1.4371839167262843,3.6981001594334852,none
consultations,-0.30303857460552,2.7519866158413078,none
bill,0.8715063350139302,2.7404523264934295,none
act,0.6601276179167597,5.325341288608894,none
passed,-0.979538466080911,2.011943813710531,none
matters,0.7420523101554748,3.196646272446662,none
means,0.07497426792736497,3.713193875139362,none
scope,0.600541774556519,3.8261042586914615,none
revised,0.9936958353413942,2.5192164060997,none
protection,0.5766567858816842,4.274231573137422,none
performance,0.625803686961298,3.1880686660180584,none
treaty,-0.015939781138375304,3.690770831089981,none
centered,0.21832233254851335,2.5113182372468246,none
goods,0.1818493390576598,2.2491888169968886,none
large,-0.4126861181848635,3.367818459457969,none
maintains,0.8900808059497185,2.3505357362478985,none
strengthens,2.226935340966109,2.1415772252359933,none
engagement,-0.5370474127723052,2.5859915845659707,none
obama,-2.2141727642097693,3.3090375033419623,blue
improve,0.06423495103690224,4.912363324871683,none
interoperability,0.8808815169548202,2.5251344313896364,none
reliability,-0.780299016513881,2.258996701708573,none
exercise,1.1228977180076083,4.706397711560694,none
western,-0.17632530190131507,3.6042222403519846,blue
shared,-0.5485400575338931,3.6184077067428486,none
serve,0.7439581743433036,2.8312713105655507,none
commanders,-0.20319050639409153,2.931074512972512,none
views,-0.6809075148216609,2.186162187497519,none
consultative,1.1883065635036403,3.300817704460593,none
follows,-0.5100280355847421,2.3453070210482996,none
complete,1.1708454270553361,2.6457356677209933,none
task,-0.12880389682435583,3.6244498939147696,none
realignment,-3.218440552243621,1.489280240553247,none
mcas,-3.094704419861368,1.3625810396763418,none
futenma,-3.026826360960197,1.2924062698106784,none
camp,-0.624043593964204,3.232323298045858,none
previous,0.689841114346737,2.7357874539809424,none
agreements,1.2662761134701237,3.0216529386576254,none
ministers,0.11860044169908303,3.938223724993764,none
stationing,-0.09235569911194536,2.9570161130202113,none
core,1.5692910895266636,2.7320870933200943,none
actively,1.4113145782145804,3.459338487374422,none
costs,-0.18085948836852817,3.9749302120465195,none
host,0.2447789179894497,2.3584744841172367,none
given,-0.8560646332447286,3.149202114928941,none
return,0.02905514953636487,4.538104075017342,none
kadena,-2.6126459303630916,0.8523852879588023,none
replacement,-0.19501249466122647,2.674391545722701,none
construction,0.7355135135338547,3.622009362482743,none
project,0.7000012906456113,4.170029519303809,none
governor,-2.6902057987569234,0.9364826184064067,none
application,0.514479194369868,2.4173318054701713,none
body,0.9714265892287616,2.669305152143509,none
requests,0.08883526438155616,2.470496881272305,none
osprey,-2.5231799247615645,0.7542797754029161,none
outside,-0.8653919065322376,3.003352491365277,none
service,2.0713149610294943,5.182502366817475,none
seven,0.9545655679881881,2.7996170527053157,none
fully,-0.12181007463853932,3.3142737460920055,none
addressing,-2.044512477934504,2.183053709857873,none
consisting,-0.240234123612428,2.706874393291071,none
timing,1.4612045654406818,2.255539894485541,none
agreed,0.6082452410808685,4.146404679522467,none
housing,0.44817822737646623,2.9080294670183786,none
dialogue,0.8231002966741394,4.482982196597526,none
exchange,-0.01914776112967556,3.646533911657882,none
dialogues,0.19837269336925487,2.6436209898466814,none
exchanges,0.44026290428876835,4.510692511911386,none
characteristics,0.8742032460727247,2.6737060431594206,none
making,0.5017459330244421,3.3228613631764192,none
limited,0.5976147160294165,2.7271539553483697,none
assistance,-0.039066683898899376,4.353767340053228,none
practical,-0.20319050639409153,2.931074512972512,none
cambodia,0.383542653931665,2.392862400691873,none
visits,0.5418312306714338,2.841279752431271,none
canada,0.5850173541009723,3.0052365475505622,none
office,0.0979388804335267,4.045281261839778,none
administrative,-0.07818048031541275,3.416654825903471,none
saudi arabia,0.8229793799649158,2.3025641883885353,none
pakistan,0.08458974898258102,2.6071967886308753,none
uae,1.9158803844828645,2.40543048716909,none
defens,-2.6527102215126663,0.8959333881412512,none
globe,-1.395163046461747,1.6789421107849145,none
us,-2.6717580638430336,0.9165571107558161,none
accordingly,1.2698779169077066,2.5177882110588725,none
counter-piracy,0.137406014395898,2.6872639448017464,none
somalia,0.8279421843663595,3.0910380820489016,none
gulf,-0.20319050639409153,2.931074512972512,none
aden,0.33846602360546907,2.425180661106698,none
surface,0.14734383873115658,3.4280420075353173,none
participates,0.9632168648830477,2.298294878835546,none
escort,-0.4987789861118327,2.052680632006862,none
participating,0.8552232099888072,3.2770113423454665,none
private,0.2270683404658581,4.038274393304085,none
u.n,-3.0059211378618333,1.270693435887692,none
peacekeeping,0.5310854965492878,3.7952253813270445,none
nations,0.8080039848033199,4.795645112207684,none
mission,0.07742599322508245,4.294710519119328,none
unmiss,-0.38604857278790244,1.9700496926330837,none
unrest,-2.758690515704366,1.0100470466760048,none
engineering,0.11571765054154545,2.5848800324990475,none
preparation,1.3131531086467432,2.833606629407764,none
6th,-2.445701219995074,0.668305956283543,none
ongoing,-0.7127922482336994,2.712996660907356,none
consultation,1.027230095890804,2.6295707417720573,none
coordination,-0.5191935620596259,3.8481610150233783,none
center,0.6202973896067201,4.040609044545452,none
organized,0.909445621866439,2.8317194191203336,none
tons,-0.06993796412743293,3.1232183845959023,none
affected,0.514479194369868,2.4173318054701713,none
malaysia,0.36131412018019565,3.164454756894374,none
hours,0.8244894866672822,2.4848920794686773,none
arms,0.518648684170522,4.027416874163615,none
sides,0.3750817428085965,2.622811305080679,none
relating,-0.9069702120941683,2.3518124649295484,none
chemical,0.5069033377215578,3.662667205658247,darkgreen
biological,1.3605014596164242,3.0887704840557144,none
delivery,-1.1069035400865241,2.4982882379207525,none
current,0.4079798875277431,4.2112967033789905,none
arsenal,-0.4987789861118327,2.052680632006862,none
companies,0.7643194556946145,3.7600512011052873,none
industry,1.28224055618234,3.984422117552932,none
amount,-0.3815467747288899,4.191469188710123,none
scale,-0.8110385862327087,2.9642148838332325,none
skills,-0.4302051365738226,2.6899783090349088,none
required,0.028520576486558168,3.8262435842448683,none
company,-0.2486951456690312,2.8461353319100144,none
sensor,-3.076086568045765,1.3433820256037299,none
technical,0.04052083388392424,3.3321374970692434,none
strength,0.09989867490852464,4.155140888193314,none
maintenance,0.7336886652854451,3.781769222212154,darkgreen
sectors,0.3379673995412169,2.291530905179302,none
expenditure,-1.3878654263037982,2.982959050863533,none
integrated,1.918238894210879,3.992885572648598,none
cost,0.6778615252290591,3.151062975142476,none
principles,-0.31389541480473787,3.520050884719803,none
participation,0.7511495668850255,3.581880629857605,none
export,0.9486622888524148,3.380998789761987,none
cases,0.41470320873169053,3.289262713111682,none
provides,1.4366947107990513,3.207115035977874,none
concrete,-0.953526156158658,1.9925658525587253,none
standards,0.8742032460727247,2.6737060431594206,none
extent,0.009513156911660598,2.1909619257909565,none
stated,-1.4180880725641813,2.3384986053362526,none
clearly,-0.8030774707024395,2.275687931900112,none
compared,-0.05323821502778092,2.7060096836901386,none
concept,0.5318315828824366,3.8488245674861767,none
price,0.7567013720367319,2.3499537980601963,none
institute,1.0089537778996467,3.306389072674301,none
higher,1.1624178456989298,2.3243461061724724,none
institutions,1.1889319445626816,3.434239926961439,none
independent,0.5885925441340374,2.4701524953349425,none
competition,-0.4422139506548727,3.3888905776242595,none
elements,0.20112558294775015,3.2177836778962736,none
presents,-2.445701219995074,0.668305956283543,none
methods,0.95136062821567,2.3943451160836564,none
future,0.39297416127803175,4.915387021516736,none
direction,0.25214457688034275,3.116835825276824,none
civilian,1.29090696205891,3.9646603761636645,none
talks,0.7700841254855635,3.849185682272537,none
india,-0.21939441153591335,3.788878525884772,blue
supports,-0.22947361549802112,2.8323553265332087,none
maximum,-0.146680157746241,2.639673982626738,none
effectiveness,-0.3606875177573039,2.7933952202781236,none
mutual,0.9009672709191716,4.254428318954348,none
employment,-0.13104749772196833,3.0798957422485325,none
reserve,1.0414733714919602,4.4258345004958555,none
orders,-0.18778522826911428,2.1111605611473867,none
issued,1.3734977515462685,3.820271444526728,none
joined,0.09452007591794433,2.3120855433854093,none
daily,0.2898326744548495,2.3261094660466988,none
makes,1.1131095795134485,3.09390556168821,none
safety,0.5443207715152707,4.031218689493955,none
female,1.263204798158759,2.396591414223058,none
assure,-2.7423034321851847,0.992501748402526,none
respective,0.01981329197812832,3.1392198197524066,none
enable,0.33942171215236705,2.7438609450567366,none
relationship,0.6547745145478511,3.787646527634748,none
interaction,-1.7804034546498408,1.9782601737171497,none
contributing,0.6653328795668413,3.251157805191598,none
usfj,-3.0470219404252123,1.3133367366577007,none
returned,0.6169336729441285,3.145468131114608,none
provided,0.15981172742686842,3.8422591418366303,none
special,0.5646659586434627,4.880061985684496,none
implementation,0.17748732785879165,3.5977855738515685,none
environmental,0.44213084454432705,2.670498968494984,none
reduce,-0.3043610600445005,3.3704032153838646,none
conditions,1.1667606053724247,3.673563926355472,none
material,0.4663061979438932,2.4518176024208453,none
conducts,0.8869704246914383,3.1773019786149925,none
commemoration,2.3545550504866086,1.8581333698551818,none
every,0.23565549050889015,3.855156504798583,none
reported,-1.395163046461747,1.6789421107849145,none
right,0.13103790404990237,3.05989963336473,none
airport,0.7074002279101692,2.4810226932237547,none
city,-0.5937057842853444,3.2106077869756207,none
wake,-2.758690515704366,1.0100470466760048,none
troop,1.5066097408711436,2.2882294304131245,none
second,0.1489443533949422,4.560419847135831,none
next,-0.4875415941478802,3.017362520260439,none
fe,0.6961096159065832,2.3932774260289693,none
uss,-2.5915337554428026,0.8293431356725794,none
hosted,0.44213084454432705,2.670498968494984,none
five,0.19845603571457188,3.814828742570629,none
games,1.585660051543389,2.166879456379073,none
data,0.7340609609552918,3.11111315695946,none
paper,0.621978263535586,2.3403753702688013,none
tanks,0.44817822737646623,2.9080294670183786,none
jgsdf,-2.546867569401116,0.7803736885312403,none
ing,-1.8021981493431796,2.624297298775994,none
ion,-1.7503762823997429,1.954955960785019,none
pko,0.4836788937194354,3.188824603980404,none
available,-0.3606875177573039,2.7933952202781236,none
incident,0.7251497525224676,2.6361991960527464,none
refugees,-1.686000834477204,1.9049793898942518,none
humanitarian,0.013650802816069734,4.075222812577846,none
aircrafts,-2.6126459303630916,0.8523852879588023,none
background,0.2898326744548495,2.3261094660466988,none
section,0.7321490666667662,4.602673531476844,none
students,-1.1178773001319033,2.1149835900165925,none
academy,0.8772968101047071,2.602179620216852,none
designed,-0.08593314994186196,2.8471387080494424,none
germany,-0.11451021938322492,3.068084106694186,none
fig,-3.923034207291861,2.185471637185544,none
7th,-1.5353204153657298,1.7879234083138584,none
fleet,-1.1941127371232192,4.004905778752724,none
combined,1.6981647764994185,4.757633773480023,none
included,0.9927000835609469,2.826780955838164,none
reduction,-1.1722032852330184,4.13144444758205,none
fy2012,-3.3515756915866715,1.623954649649385,none
billion,-0.6685667889393215,4.464095206784803,none
dollars,-1.5581230842080815,3.5021167952245276,none
dod,-3.450491131707118,1.7229844150987088,none
structure,1.1432960507855832,3.983318972690811,none
unified,-0.14734757032592555,3.2584302712931015,none
combatant,-3.1302833287644316,1.3991702491484268,none
shifts,-3.0370097958929967,1.3029657922971531,none
expenses,-1.2620166132979918,2.611909806387419,none
se,-3.3515756915866715,1.623954649649385,none
de,-1.6063121398484073,2.4785726703734015,none
functional,1.0027600756369193,2.7653271249480413,none
chiefs,1.3786555565591465,3.1657921137617357,none
southern,0.6961096159065832,2.3932774260289693,none
col3,0.19269651525406828,3.1591836946854293,none
per,0.33942171215236705,2.7438609450567366,none
3rd,-2.8200241699878057,1.0754058290558317,none
4th,-2.498485712259533,0.7269831826114205,none
months,1.4828946440574435,2.670251280453281,none
headquarters,-0.2529087753052527,4.100147752446423,none
infantry,-0.09757539833919775,3.055988514603859,darkgreen
satellite,0.23934042710440115,2.9826629091788086,none
estimated,-0.90871814942259,3.1870189564042044,none
function,0.643441034161594,3.1266202070701543,none
district,0.5092136695125746,2.8645274409602695,none
rok’s,1.9178940062986414,2.8658573784863477,none
won,2.027878266030733,2.813941871849678,none
budgets,0.4212139183238668,2.484097832661775,none
fiscal,-1.9545981536505357,2.737635814226373,none
numbers,-0.4987789861118327,2.052680632006862,none
respectively,-0.6536723059730728,2.1662029706844907,none
actual,0.383542653931665,2.392862400691873,none
united kingdom,0.29475495418670694,3.086482232582187,none
note,-0.22756333957711117,2.1400660752066614,none
potential,0.5356324455238238,3.5754946218571124,none
type,1.493661620365853,2.9624165024334816,none
regions,-1.0238767690339752,3.117468147375652,none
consists,-0.27520933863185637,3.087747724196874,none
several,0.20243590840308717,2.3888919635440016,none
fighters,-0.2620715302179981,4.070312061787957,none
ch,-1.9370155931031834,2.0997384717689505,none
west,1.9228208157457107,3.489310537891249,none
identified,0.9632168648830477,2.298294878835546,none
enforcement,2.148188783258792,3.343720704417313,none
location,-0.3606875177573039,2.7933952202781236,none
hq,1.1816847904925858,2.4546645038344055,none
eastern,0.23197056591129428,3.313731093621649,none
flotilla,1.154065325982297,2.539258517134781,none
carriers,-1.2936016687731093,2.91450050076692,none
contract,0.4686004348601772,3.1453740715032086,none
comparison,0.95136062821567,2.3943451160836564,none
block,0.1368296853156394,2.2816132650502845,none
burden,0.7245105709925638,3.0175325281906944,none
congress,-1.9909194998962754,2.764643098878821,none
nato,-0.05339567577601115,3.1114129569609523,blue
eu,-0.146680157746241,2.639673982626738,blue
turkey,1.627505186829048,2.375266662849815,blue
lebanon,1.9023736802879758,2.179760314538445,blue
europe,-1.0449382307947943,3.4169347408386246,none
african,-0.8384100500245314,1.906798034099573,none
democratic,-0.764303616543453,2.9305625430912556,none
terrorism,-0.36629025569379,4.282321762739931,none
iraq,-0.6266242200725883,3.4338515081655823,blue
syria,-0.27110730419928836,3.34668863401985,none
libya,0.5623794089640509,2.584608426434946,none
relation,-0.3167495029387898,3.2125311470908993,none
worldwide,-2.8344095699512173,1.0906660380112536,none
assessment,-0.09477782025028278,2.6023917285850504,none
examples,-0.9264955428420514,1.9724282748410602,none
top,0.21630862377080262,2.999088241526622,none
conventional,0.8963496171974477,3.4489566587431573,none
values,1.0699721288311208,2.660071859211614,none
chart,3.305384331737423,3.198057031695038,none
col4,0.5597530618209223,2.7541558133703,none
col5,0.4129247187486772,2.5957540344279098,none
abroad,-0.6809951216448658,2.6900184655684947,none
provisions,-0.019060664524026393,2.7992692099033554,none
close,0.6321067447769075,3.6663321418973265,none
significantly,0.07867164487713164,2.834737872625202,none
participate,1.186310664086786,2.9646926549826156,none
defend,0.15999465175575078,2.959125594081754,none
planned,0.8255715209258121,2.639046596816516,none
action,0.7933211312912202,3.0200485230874103,none
needed,0.8900808059497185,2.3505357362478985,none
prior,1.154065325982297,2.539258517134781,none
post,1.0077469475485012,2.4346558941892855,none
discussion,1.1060521075444585,2.283942045003451,none
leadership,-0.010799381344987051,3.4292998962857766,none
decisions,-0.5945484720585045,2.627546553257372,none
requirements,2.402443368323868,2.7568772184206085,none
revision,-0.08559974563733412,2.4418082211016463,none
logistics,1.8515474333521682,3.8626405561043313,none
threatens,0.5961319913478678,3.3003271214203074,none
life,0.30102310198166354,2.5701381235259104,none
pursuit,-0.3901829972390702,2.661157110116258,none
deputy,0.39279766950445705,3.3537022120611852,none
secretariat,-0.240234123612428,2.706874393291071,none
al,-1.8367328463250399,2.021966107252764,none
crisis,0.5957875462524738,3.4976462567273447,none
meetings,0.7620349376983641,3.448759938806465,none
regular,0.39279766950445705,3.3537022120611852,none
situational,-0.3901829972390702,2.661157110116258,none
organizational,2.256665977503752,2.1633354014001878,none
bureau,0.6651285492023878,4.0873888574519395,none
college,-0.05323821502778092,2.7060096836901386,none
studies,0.5404092416559304,2.5046034855009096,none
partial,2.444615713429361,3.792887178310458,none
physical,1.5942742386481268,2.63389928135654,none
hospitals,1.040892535066164,2.792503623215518,none
school,0.3262890652481866,3.534664222180803,none
day,-0.34142567199788887,3.2301556696214346,none
specified,0.4663061979438932,2.4518176024208453,none
un,1.8418253939789568,3.938614334524871,blue
positions,1.5002167917172715,2.566480717737079,none
composed,0.7340609609552918,3.11111315695946,none
directly,0.8850844719997965,2.4416459889658872,none
engineer,-2.5915337554428026,0.8293431356725794,darkgreen
artillery,1.0027124448682874,3.342646533587718,darkgreen
wings,-1.5353204153657298,1.7879234083138584,none
offers,-1.17787339423747,2.1596624128780375,none
courses,1.0244907703467145,2.3421523756041056,none
level,0.597615099556477,4.790335020718962,none
knowledge,-0.14560918907928294,2.080511885719585,none
officers,1.2672730487971386,4.04773448001809,none
nursing,-0.42568700263691445,1.999105473441568,none
schools,0.5033806382835702,2.7140618945305133,none
medicine,0.21140916617035807,2.739834196876135,none
located,0.21630862377080262,2.999088241526622,none
fields,-0.3293005264853261,2.4358499919485874,none
accomplish,-0.39664954979149797,2.819226143622554,none
evaluation,1.7848585733428768,3.0842483097414495,none
tasks,1.4567412642255408,2.8499175789448974,none
position,0.8715063350139302,2.7404523264934295,none
properly,-1.2181572546003614,1.541167830941241,none
inspection,1.027230095890804,2.6295707417720573,none
commands,0.28443337577140343,3.5643978217142296,none
buildup,1.5578622394327848,2.4764189830730827,none
chain,1.3553249446139475,2.3309667927323523,none
commander,0.5601440851162014,3.9980026778825852,none
mobilization,2.4240307464169017,2.9486560079048454,darkgreen
respect,1.154065325982297,2.539258517134781,none
achieve,0.29626860851926534,3.513388442363484,none
specific,-0.21407027247787566,3.0440364435485487,none
ii,-0.30190297917644476,2.4160486139855406,none
proliferation,-0.27041107190487645,3.999335113771997,none
diplomacy,1.7514360483233227,2.7465479898928318,none
creating,1.1845708638276486,2.741850215311386,none
partners,-1.7873714119200614,3.489399343272261,none
resolve,1.6184462511362496,3.0514613220270586,none
discussed,1.3457463615988048,2.676288820696149,none
reinforcing,0.9101256402538372,3.5538277573030572,none
social,0.5440170969406154,3.7860531035592495,none
objective,1.2089649606088366,2.6729602224063913,none
priorities,-1.7316338399763376,3.44913466012073,none
approach,-0.146680157746241,2.639673982626738,none
efficient,0.8651555868137958,2.9174979808718065,none
mid-term,0.9620849396288641,3.0403058880107126,none
internal,-0.5032013123751647,3.345700328548259,none
rather,-0.26520124458064037,2.167415810934548,none
direct,-0.12358643647007891,3.384486450599929,none
threats,1.365276442874404,4.820908320568756,none
necessity,-0.3692822136289794,2.646105691673565,none
society,1.564296533773882,2.61241193064053,none
experience,0.38061439474212416,3.207974356673915,none
analysis,1.018184588936119,2.909140923678978,none
category,1.834333179021384,3.0255632142090425,none
armored,0.7251497525224676,2.6361991960527464,none
reduced,0.19026817344711178,3.4976707442754447,none
listed,-0.7567497687844522,2.24174030248664,none
refers,-0.1472054594743946,3.091436440130108,none
fy2016,-3.3209523726983075,1.593121703287691,none
5th,-1.5958254775748284,1.8349400032412144,none
individual,0.36253504077187676,3.102856261980015,none
led,1.245941248763155,3.0713014105278513,none
establishing,2.0224257678871984,3.41876873848221,none
persistent,-1.9820833178274844,2.1346746147245717,none
helicopters,0.5631383434870497,3.3664100010745672,none
services,0.7866045533850129,3.495989652188063,none
exclusive,0.4663061979438932,2.4518176024208453,none
continuous,0.8900808059497185,2.3505357362478985,none
interceptor,-2.003539370094561,2.1513038746644932,none
best,-0.2179869463818965,2.6908942033957195,none
study,-0.764303616543453,2.9305625430912556,none
address,0.4860901313220083,3.0148816400199427,none
launches,1.471882112647382,3.0996610386331214,none
immediately,0.8772968101047071,2.602179620216852,none
sources,-1.8501116952650978,2.0323445437350682,none
engage,-0.9497674404362039,3.2165011665576198,none
provide,0.23893928402377237,4.290254572617441,none
family,0.780883786922505,2.7401837847321806,none
dispatch,-1.778542047544459,2.6067016742738782,none
long-term,0.941352601518626,2.914790955958475,none
educational,0.9632168648830477,2.298294878835546,none
cooperate,-0.1684408799742364,2.7886004361871346,none
initiative,1.1955128922398615,3.0353970265602377,none
chair,0.7439581743433036,2.8312713105655507,none
sector,1.0468564428148472,3.2466130270103792,none
extended,1.5732806463088371,2.8389472680594108,none
add,0.5391706415231774,2.281281427160898,none
counter,-0.9617487944997711,3.912899532341158,darkgreen
partnerships,-1.4688659706050844,1.7362629920746462,none
efficiency,1.19517226178287,3.206083080035189,none
mutually,-0.3477398868137258,2.630592196876739,none
manage,0.12050268188339305,3.2106108931286164,none
planning,1.2589787401487407,3.524656684017965,none
implement,0.16338775635365782,3.111007720313017,none
firing,1.4658486144086451,2.541846064555442,none
contracts,0.5418312306714338,2.841279752431271,none
provision,-0.4959118868272929,2.5562631963823126,none
retirement,-1.1065303257678687,2.9975113511284133,none
barracks,2.7865013693372593,3.034245746610099,none
repair,1.2451303989332194,2.6987891162537068,none
procedure,1.0770715534957707,2.8182878881354925,none
payment,2.0156783364823267,1.9869545033014413,none
remaining,-0.9260091630082249,2.365761962741611,none
thus,-0.5996177376255013,3.0977071683209982,none
difficult,0.7686799424760299,2.5247227033458186,none
ar,-1.3686955318687914,1.6583509330821162,none
official,0.7439581743433036,2.8312713105655507,none
places,-0.4302051365738226,2.6899783090349088,none
performed,1.5217511969895605,2.45048619851712,none
defending,-0.8672544168552063,2.3227126503802147,none
ahead,0.3049919648512503,2.672924414803763,none
japan–u.s,-2.9617661889219464,1.2246728918288738,none
st,-0.3256892816266896,3.3856132008058264,none
interceptors,-3.0164655968205056,1.281651252078879,none
toward,0.16081586960640662,4.568820293791815,none
phase,1.1114873119498776,2.84281546528756,none
rocket,1.080869403059741,2.382505776769524,none
discrimination,-2.6126459303630916,0.8523852879588023,none
tracking,-0.8672544168552063,2.3227126503802147,none
accelerating,-2.774633281514644,1.0270827558415998,none
upgraded,0.5885925441340374,2.4701524953349425,none
recognized,0.054480179286899376,2.1584584952857053,none
framework,-0.004904415373052197,3.2999441617572423,none
create,1.2545811173262722,2.2586157313340114,none
effects,-0.013677182328995018,3.163103569622024,none
defended,-2.888683189594957,1.1480103861271347,none
network,-0.6349623947239806,3.5264418541861056,none
open,1.493661620365853,2.9624165024334816,none
pillars,-3.435090064526351,1.7076207831185628,none
professional,2.1958794512031568,2.1188485929627405,none
def,-2.9263508620256147,1.1876009054288006,none
ense,-2.7901554934973625,1.0436373562500283,none
share,0.9624515001755952,2.736599688401446,none
events,0.28703588561832216,3.3286866502270036,none
withdrawal,-0.7864901709896948,2.766253530685696,none
requested,0.5661839494877419,2.380317515643547,none
later,-0.27339092639527973,2.395441540351539,none
ready,-0.2126330872949682,2.3515281746898693,none
standard,0.9307176485304081,3.017996661654414,none
patients,0.7251497525224676,2.6361991960527464,none
assisting,-2.7423034321851847,0.992501748402526,none
buildings,0.6825632437352174,2.297003401593048,none
government’s,0.009605204804317327,3.2896083111067536,none
reinforcement,1.3513680201884586,2.45978709557258,none
forms,0.9632168648830477,2.298294878835546,none
types,1.1305488800073287,2.616956234495007,none
yokota,-2.498485712259533,0.7269831826114205,none
evacuation,0.7169563181096533,2.561637133247167,none
short,0.6825632437352174,2.297003401593048,none
damage,1.138777522070232,3.1121670268980073,none
residents,1.1274800742821383,2.92278685746882,none
police,0.4549052133454101,3.2606774044277205,none
safe,0.6933243768156305,3.0397138356078592,none
moving,-0.3348979374591252,2.2180597668336226,none
amendment,2.7843512774571315,3.601673804348117,none
warfare,0.9971447977376066,4.276793966767023,darkgreen
mine,1.6635866154387862,2.401242590572731,darkgreen
prepared,2.094772611592556,2.3194432330373074,none
trade,0.909445621866439,2.8317194191203336,none
establishes,1.3086641184646726,2.4291768926126425,none
contingency,-0.4279316161421791,2.2856582782579515,none
civil,0.43522795414622534,3.7453144353014127,none
sent,0.9921190601912595,3.061666913458739,none
deliberation,0.8229793799649158,2.3025641883885353,none
anticipated,-2.633021294292194,0.8745613396643978,none
homeland,-0.1093727384268714,4.1625064577168125,none
bodies,1.0599624669819858,2.471984780484018,none
restoration,2.572232038235422,2.0198509500938906,none
duty,1.2910376634165563,3.039290832427323,none
specifically,-2.8344095699512173,1.0906660380112536,none
geopolitical,-1.4451796844804694,1.7178444394545183,none
access,-0.633872218816929,3.23935851787779,none
certain,0.3655068730216538,2.966951952220377,none
neighbors,-2.7080905760336473,0.9557551719631837,none
significant,-0.0755147755665435,3.532498651774063,none
less,-0.8063617196245095,1.882916864988229,none
forum,0.7340609609552918,3.11111315695946,none
participants,0.826005128054868,2.708040841831191,none
exchanged,-0.732375774373565,2.2238791608763795,none
representative,0.9414749038675749,2.4819202037212014,none
embassy,-0.7001970385489092,1.80379641702246,none
consistent,-0.3556673509241194,2.454906249240714,none
vice,1.9864082167615975,3.030619109419055,none
ministerial,-0.8030774707024395,2.275687931900112,none
working-level,1.8194068265247019,2.6642398880095097,none
rank,-0.20242863057432134,2.5259456626722883,none
representatives,0.621978263535586,2.3403753702688013,none
signed,0.1552801886317064,2.779965004578112,none
declaration,1.4297168805362683,2.515947198061054,none
final,0.22994937780725158,2.214545401307515,none
context,-1.1967667781713038,2.1737311796878678,none
roadmap,-0.8384100500245314,1.906798034099573,none
statement,0.6522527436608757,4.3160659777266055,none
vision,1.7008132752573868,3.1894322761863427,none
shaping,-0.1068831862618981,2.8621353548178416,none
field,0.6758475199849919,4.0012400079986925,none
co,-1.3904946048541054,2.3179597752296677,none
com,-0.7727539804030781,1.8578720853824473,none
ent,-2.5696285996775385,0.8053653421992772,none
partnership,0.7420523101554748,3.196646272446662,none
continued,0.7606947022606986,3.043247453435664,none
outlined,-2.610345033035839,2.620745656703553,none
improves,2.5450248802026203,1.9996414018429494,none
increases,1.627505186829048,2.375266662849815,none
expands,2.4871726542226655,1.9566654764388747,none
noise,0.9632168648830477,2.298294878835546,none
welfare,2.3248336118446677,3.2728217918440574,none
compensation,1.175578271899285,3.338090985549181,none
non,-3.112758849232891,1.381164472752578,none
aviation,0.388243002428819,3.448038174769091,none
different,0.6556799741314571,2.5179656539899233,none
full,0.7384704433522766,2.7703975888775654,none
ha,-1.530190976852833,2.421930089425826,none
families,1.9571995898412888,3.113394049107681,none
foster,0.8238023904356571,2.397877961755449,none
candidate,0.4896247118129844,2.804169224520493,none
indicated,-2.6902057987569234,0.9364826184064067,none
completed,0.6826561713811563,3.3617210598107143,none
operated,0.789148878619485,2.917309093818574,none
release,-0.42929221802020395,2.508116704178793,none
confirmed,-0.9801865363055996,2.4054554564356256,none
km2,-2.5231799247615645,0.7542797754029161,none
concluded,0.970389915870686,3.3964255914425223,none
experts,1.0229235809863708,3.2296047826937286,none
resulting,-1.17787339423747,2.1596624128780375,none
reaffirmed,2.0096031457622647,2.800818836581091,none
industrial,1.971786005547322,2.6231143881502486,none
prompt,-0.2788372250181146,2.580972092941199,none
delayed,-2.725446181448534,0.9744157872010438,none
process,1.5791008937472926,3.530109029506924,none
received,-0.08559974563733412,2.4418082211016463,none
stating,-0.7567497687844522,2.24174030248664,none
another,-0.5880115335452314,3.0893870199000326,none
assembly,2.659569667448338,2.7294139434256306,none
nse,-1.2510649850442797,1.5667939709879932,none
sta,-2.498485712259533,0.7269831826114205,none
opinions,0.10879359090048242,2.7077460304451093,none
admm-plus,0.16723003832426805,2.665914473405145,none
arf,0.02216104183314742,2.5183914885925542,none
era,0.013590790904392193,2.9765883826837545,none
transnational,2.055637764873059,2.016203621735835,none
ewg,-0.14560918907928294,2.080511885719585,none
goal,1.275195286989282,2.625853024758798,none
conflicts,0.4217701777723193,3.4242161950757457,none
plus,0.5623794089640509,2.584608426434946,none
multinational,1.1816847904925858,2.4546645038344055,blue
new zealand,1.1624178456989298,2.3243461061724724,none
piracy,-0.5567435258255194,2.6002256972080446,none
commerce,-0.8873956276748418,2.33747027073688,none
participated,0.5850173541009723,3.0052365475505622,none
anti,-3.0568685286096167,1.32352566060596,none
boats,1.8644566711879207,2.1522307484744263,none
ment,-0.5326365641290897,2.0774964397823257,none
comprising,-1.1835661431717668,1.5142247936528466,none
serving,-0.8063617196245095,1.882916864988229,none
long,-0.6731744235814731,4.11144434977856,none
largest,-0.535382432170079,2.3637282331677403,none
starting,1.5128863131536812,2.6917170323338278,none
iran,-1.373012290069688,2.9721722559700936,blue
pa,-2.445701219995074,0.668305956283543,none
go,-0.40559972988076426,2.4909937197574363,none
ts,-2.5696285996775385,0.8053653421992772,none
te,-2.725446181448534,0.9744157872010438,none
rs,-2.5696285996775385,0.8053653421992772,none
le,-1.395163046461747,1.6789421107849145,none
ies,-2.725446181448534,0.9744157872010438,none
rce,-2.5696285996775385,0.8053653421992772,none
pu,-2.5696285996775385,0.8053653421992772,none
nt,-2.758690515704366,1.0100470466760048,none
highly,0.05483612534526665,2.7463710901127607,none
fire,2.0049237372923705,2.9282352511138767,none
recovery,1.5971779825551133,2.856030682102222,none
soldiers,2.573573460499643,3.0562948296590076,none
care,0.8581588252788751,3.1568309740799934,none
permanent,-0.14610690238728555,2.3034446380665403,none
shall,1.1816847904925858,2.4546645038344055,none
ort,-2.445701219995074,0.668305956283543,none
officer,0.6415050077543109,3.268088232426978,none
conflict,-0.49622341031938444,3.7143057109570474,none
resolution,0.7049799877676058,3.34586813749039,none
nd,-0.26451479762826635,3.666966195333409,none
supply,1.4218746615914926,2.9111898909560017,none
convention,0.5578309763698917,2.89907836251885,none
code,-1.0140944617708414,2.430297400144435,none
reliance,-1.4206336358526388,1.6987543850207811,none
transfers,0.7567013720367319,2.3499537980601963,none
obligations,-0.4680674760870223,2.7172439183013233,none
resolutions,0.7567013720367319,2.3499537980601963,none
formed,-0.27339092639527973,2.395441540351539,none
exist,-1.3686955318687914,1.6583509330821162,none
armistice,2.364323469492848,2.2421193320134933,none
better,-0.11667880490399861,2.464190863321303,none
began,0.909445621866439,2.8317194191203336,none
leaders,0.28347683699500753,2.8710008550175314,none
ability,-1.093488383958317,3.3197220452999834,none
unification,2.3618246824955977,2.903879864870195,none
pursued,1.5492602326221934,2.3189354173268204,none
balanced,-0.4987789861118327,2.052680632006862,none
friendly,1.9158803844828645,2.40543048716909,none
outlook,-2.4726940848965073,0.6983691936110247,none
age,0.18278605016768332,2.7602990295231065,none
pr,-0.22947361549802112,2.8323553265332087,none
lieutenant,-0.7483666936836593,2.5184621745764693,none
sergeant,-0.398274617583477,2.264109783561151,none
enlisted,1.5002167917172715,2.566480717737079,none
student,-0.5326365641290897,2.0774964397823257,none
receive,0.6825632437352174,2.297003401593048,none
hold,0.6825632437352174,2.297003401593048,none
call-up,-2.4726940848965073,0.6983691936110247,none
benefits,2.4871726542226655,1.9566654764388747,none
employing,-2.6902057987569234,0.9364826184064067,none
health,1.7028466194344885,2.711720841172653,none
lead,0.9197037951557162,2.7061338582669667,none
prepare,1.35269715052613,3.318117969133197,none
external,1.1330760369029977,2.4198728285366267,none
pension,3.1832220773643756,1.8856991751240135,none
job,1.443444782585037,2.3942506831905996,none
leave,0.4953061752535671,2.5368519804452503,none
maneuver,1.1274800742821383,2.92278685746882,none
fishing,1.3661250975735653,2.9507678321361936,none
adjustment,1.8220839219979057,2.337674553018975,none
emphasis,-2.0736923080406777,2.2056603064612825,none
systematic,1.4297168805362683,2.515947198061054,none
jurisdiction,1.3067524304799327,2.296083689443577,none
arising,-1.1967667781713038,2.1737311796878678,none
title,0.2920757187523283,3.425300701468402,none
undergo,-2.8344095699512173,1.0906660380112536,none
arctic,-0.4837193361673092,2.3261922041194603,none
aims,-0.24530323174668522,3.0663664281192626,none
interest,0.3379673995412169,2.291530905179302,none
hand,-0.8384100500245314,1.906798034099573,none
long-range,1.1078644719938462,3.6317692317796126,darkgreen
uav,1.154065325982297,2.539258517134781,none
recently,1.0878119861122508,2.586433838320477,none
undersea,-2.5231799247615645,0.7542797754029161,none
geographical,-0.4631911824108632,2.026595834789678,none
good,0.21832233254851335,2.5113182372468246,none
culture,2.444973913580773,2.787594639969676,none
depth,-1.4451796844804694,1.7178444394545183,none
difference,-2.80527904902482,1.0597370149474126,none
proposed,1.263204798158759,2.396591414223058,none
con,-2.498485712259533,0.7269831826114205,none
prolonged,-0.7727539804030781,1.8578720853824473,none
escalate,-1.5958254775748284,1.8349400032412144,none
prevent,0.6315955636030478,3.8294329342606046,none
logistical,-2.5696285996775385,0.8053653421992772,none
controls,-0.03274541991356961,2.2215071603405647,none
complement,-1.4206336358526388,1.6987543850207811,none
investigation,0.9414749038675749,2.4819202037212014,none
operate,0.3170654627132872,3.0705892745610988,none
uavs,1.938341722273958,2.2058743606771083,none
composition,-0.8181931243347744,2.5691876568087055,none
authorities,-0.13640488448033092,3.4581114551937753,none
airbase,1.1624178456989298,2.3243461061724724,none
operates,0.4836788937194354,3.188824603980404,none
undertake,-2.8344095699512173,1.0906660380112536,none
lines,0.8651555868137958,2.9174979808718065,none
get,0.009513156911660598,2.1909619257909565,none
nation’s,0.3750817428085965,2.622811305080679,none
allow,-0.17845032055443186,3.1137528002312376,none
seeking,-1.0416075371710618,2.950600775673203,none
tion,-0.8013798241139167,2.5569737843302973,none
children,0.9817340877559869,2.5971042767851906,none
inside,-0.398274617583477,2.264109783561151,none
roughly,-1.1835661431717668,1.5142247936528466,none
seeks,-0.02544609926789597,3.0044704413431647,none
principal,-2.80527904902482,1.0597370149474126,none
opportunity,1.2189786354632968,2.7664037027224113,none
capital,-0.18138731570303457,3.020669719915282,none
partner,-1.2140556133729665,2.5767796469170383,none
grow,-1.01182799613986,2.929082949483593,none
allied,-0.3255154171816995,2.6145873809999762,none
phased,-0.6476855071759329,2.6659470086738946,none
dr,-1.1835661431717668,1.5142247936528466,none
talk,2.866901547994405,1.6419460701099011,none
ways,0.2631496860876707,2.9656831070957446,none
effect,0.9142552886208677,2.770903270839347,none
face,-0.19501249466122647,2.674391545722701,none
intentions,-1.9485670437553966,2.108693962558205,none
preparing,2.055637764873059,2.016203621735835,none
borders,-1.651359600153368,1.8780781280098167,none
personal,1.8644566711879207,2.1522307484744263,none
coming,-1.5353204153657298,1.7879234083138584,none
reunion,2.1633747727208466,2.0950590134060865,none
followed,-0.2126330872949682,2.3515281746898693,none
pirates,-0.8346112739878423,2.581114373725697,none
campaign,-1.4451796844804694,1.7178444394545183,none
forced,3.052593805360945,2.376511396336892,none
manual,0.1818493390576598,2.2491888169968886,none
tional,1.443444782585037,2.3942506831905996,none
strike,0.1476405968243935,4.121283516729134,none
ng,-3.2033474765654915,1.473907232158077,none
delivered,-0.7579347747134826,2.745618490944823,none
ity,-1.2824455692422145,1.5912257186202858,none
magnet,-2.7901554934973625,1.0436373562500283,none
techniques,0.38963463293335016,2.254414367684606,none
person,0.4529136506409127,2.5671623345029424,none
bringing,-1.9607860237002,2.7422370222616173,none
actor,-2.7423034321851847,0.992501748402526,none
workers,0.6074898729686777,2.552386958501348,none
decade,-1.7655564599402855,1.9667378960116184,none
mid,-0.28969912360262545,3.098107139833635,none
simultaneously,-0.30303857460552,2.7519866158413078,none
win,-0.7106492662552292,2.4910615510585807,none
execute,1.4836864408912034,2.423150202082397,none
media,1.5066097408711436,2.2882294304131245,none
coverage,-0.979538466080911,2.011943813710531,none
possess,-0.732375774373565,2.2238791608763795,none
commercial,0.43451820262802404,3.275173425853508,none
advantages,-2.633021294292194,0.8745613396643978,none
grounds,1.938341722273958,2.2058743606771083,none
child,2.3901676582374276,1.8845950171257808,none
committed,1.3067524304799327,2.296083689443577,none
expressing,-0.979538466080911,2.011943813710531,none
influence,-1.0564837330885903,3.140945989409514,none
world's,-2.888683189594957,1.1480103861271347,none
inflection,-2.8484526009346767,1.1055382093168802,none
blueprint,-1.7348476178060168,1.9429024135259192,none
builds,-2.179253894828167,2.287410071290047,none
embodies,-2.179253894828167,2.287410071290047,none
indicating,-1.9820833178274844,2.1346746147245717,none
deficits,-2.8200241699878057,1.0754058290558317,none
fy2021,-3.308253083509109,1.5803106294842528,none
suspension,0.013590790904392193,2.9765883826837545,none
grounding,-2.774633281514644,1.0270827558415998,none
bipartisan,-2.725446181448534,0.9744157872010438,none
republican,-2.9731165119023597,1.236523739599325,none
mitigated,-1.9252635054281828,2.0906267964329737,none
formal,-1.6148480049093679,1.8497181214804164,none
outlines,-0.9069702120941683,2.3518124649295484,none
anticipation,-2.8200241699878057,1.0754058290558317,none
mandates,-1.2505292561525054,2.213762116863636,none
submits,-1.1584483305520077,2.1451972114654927,none
shifting,-0.944540999056239,2.3793396789881864,none
spread,-0.7688483109081911,3.0865607990702437,none
challenging,-0.8873956276748418,2.33747027073688,none
collaborates,-1.5958254775748284,1.8349400032412144,none
leverages,-2.725446181448534,0.9744157872010438,none
recognizes,-2.8484526009346767,1.1055382093168802,none
politics,-0.14700070139563362,2.8908525485578047,none
tensions,-0.6039644675782591,3.2179508611323917,none
sovereign,-1.6148480049093679,1.8497181214804164,none
spur,-2.7901554934973625,1.0436373562500283,none
disruptive,-2.80527904902482,1.0597370149474126,none
erupt,-2.7901554934973625,1.0436373562500283,none
openness,-0.5567435258255194,2.6002256972080446,none
says,-0.3450611376926569,4.011578197148728,none
wmd,0.43013319884530477,3.920946661672771,darkgreen
suggests,-0.6707791414547637,2.462096474543221,none
sectarian,-2.7423034321851847,0.992501748402526,none
divide,-1.6333501379812105,1.8640902710996956,none
worsen,-2.6902057987569234,0.9364826184064067,none
fragile,-3.1388564925509117,1.4079674298164442,none
defying,-2.7080905760336473,0.9557551719631837,none
pursing,-2.725446181448534,0.9744157872010438,none
pledges,-2.725446181448534,0.9744157872010438,none
terrorists,-3.4402674818800296,1.7127878497723836,none
insurgents,-2.875574917201577,1.134193308738002,none
pose,-0.8916019895722758,3.174725814884228,none
strife,-2.8200241699878057,1.0754058290558317,none
jihad,-2.7901554934973625,1.0436373562500283,blue
spillover,-0.9260091630082249,2.365761962741611,none
influx,-2.7901554934973625,1.0436373562500283,none
flood,-1.2151568022175927,2.1874246420529952,none
mentions,-1.3691811853753713,2.6903996744211356,none
criminal,-0.14700070139563362,2.8908525485578047,none
exploit,-2.7901554934973625,1.0436373562500283,none
ungoverned,-2.7901554934973625,1.0436373562500283,none
causing,-0.32278509937510036,2.766170375096379,none
violence,-1.1178773001319033,2.1149835900165925,none
willing,-2.758690515704366,1.0100470466760048,none
solutions,-0.944540999056239,2.3793396789881864,none
violate,0.13769592306967526,2.9750393148966356,none
miscalculation,-2.633021294292194,0.8745613396643978,none
behavior,-1.5762524249786047,1.8197323548669664,none
unprecedented,-1.1584483305520077,2.1451972114654927,none
interconnectedness,-2.725446181448534,0.9744157872010438,none
tools,-0.8251339600851663,2.2918498069986226,none
adversaries,-3.288686811625685,1.560543244910847,none
climate,-0.42929221802020395,2.508116704178793,none
interdependent,-2.5696285996775385,0.8053653421992772,none
footnote,-2.6527102215126663,0.8959333881412512,none
embody,-2.7080905760336473,0.9557551719631837,none
shores,-2.725446181448534,0.9744157872010438,none
globally,-0.8465128178382397,2.307514842934669,none
decisively,-1.5415931226710564,2.430415055049698,none
aggression,0.19545614903196096,3.627605730724483,none
theaters,-2.6126459303630916,0.8523852879588023,none
defeating,-2.6527102215126663,0.8959333881412512,none
undertakings,-2.6126459303630916,0.8523852879588023,none
fails,-1.0521668085618505,2.066043431392472,none
adversary,-3.195655946875723,1.4660645208354088,none
deny,-1.8632310967119172,2.042520899895325,none
imposing,-1.1352783312674812,2.5190741608534117,none
unacceptable,-1.7026781104177084,1.9179283614372908,none
aggressor,-2.914059336765478,1.174700347540234,none
counterterrorist,-2.5915337554428026,0.8293431356725794,none
deterring,-0.7567497687844522,2.24174030248664,none
assuring,-0.535382432170079,2.3637282331677403,none
innovative,-0.40559972988076426,2.4909937197574363,none
fight,-0.1468602806987924,2.7731290342318027,none
leverage,-2.633021294292194,0.8745613396643978,none
combinations,-1.4206336358526388,1.6987543850207811,none
state’s,-2.4726940848965073,0.6983691936110247,none
aggressive,-0.8063617196245095,1.882916864988229,none
denying,-2.4726940848965073,0.6983691936110247,none
spectrum,-2.633021294292194,0.8745613396643978,none
smaller,-2.5915337554428026,0.8293431356725794,none
redouble,-2.633021294292194,0.8745613396643978,none
aligned,-2.6126459303630916,0.8523852879588023,none
invest,-1.8501116952650978,2.0323445437350682,none
defends,-1.0521668085618505,2.066043431392472,none
migrates,-2.633021294292194,0.8745613396643978,none
known,-1.0747723666551963,2.082880393533308,none
diversify,-1.3411498624113019,1.6369172294131409,none
ssa,-1.0287960086518606,2.0486357409565867,none
investment,-0.027747895489338523,2.687735066822941,none
demonstrations,-1.3124344612013745,1.6145692585148737,none
evolve,-2.498485712259533,0.7269831826114205,none
resilient,-3.1473084211995053,1.4166329047421815,none
architectures,-2.888683189594957,1.1480103861271347,none
accelerate,-0.953526156158658,1.9925658525587253,none
_see_,-3.2331629717132047,1.5042545277884316,none
survivable,-2.4726940848965073,0.6983691936110247,none
force's,-2.774633281514644,1.0270827558415998,none
aggressors,-2.5231799247615645,0.7542797754029161,none
enemy’s,0.3082597275504226,2.766118885948157,none
suppressed,-2.445701219995074,0.668305956283543,none
combatants,0.30102310198166354,2.5701381235259104,darkgreen
investments,-0.6970741181577377,2.7016379838426174,none
denied,-2.633021294292194,0.8745613396643978,none
drawdown,-2.6126459303630916,0.8523852879588023,none
sof,-2.9951862675785854,1.259525102719303,none
withdrawn,-0.979538466080911,2.011943813710531,none
resilience,-1.4446206079916692,2.358246750362314,none
disperse,-2.5231799247615645,0.7542797754029161,none
austere,-2.5231799247615645,0.7542797754029161,none
speech,0.14314657450350768,3.319731970658852,none
parliament,-2.4726940848965073,0.6983691936110247,none
george,-2.5231799247615645,0.7542797754029161,none
consist,-2.003539370094561,2.1513038746644932,none
substantive,-0.2126330872949682,2.3515281746898693,none
npr,-2.8200241699878057,1.0754058290558317,none
powers,0.08883526438155616,2.470496881272305,none
fast,-0.7374274559597432,1.8315446820703172,none
agile,-2.546867569401116,0.7803736885312403,none
revealed,-2.4726940848965073,0.6983691936110247,none
enacted,-0.4837193361673092,2.3261922041194603,none
cut,-0.5326365641290897,2.0774964397823257,none
caps,-2.6126459303630916,0.8523852879588023,none
fund,-0.03274541991356961,2.2215071603405647,none
reflecting,0.40620713852421414,2.6961582291557273,none
withdraw,-0.5326365641290897,2.0774964397823257,none
institutional,-0.38604857278790244,1.9700496926330837,none
_see,-2.6126459303630916,0.8523852879588023,none
stood,-2.6527102215126663,0.8959333881412512,none
md,-3.2403908497469427,1.511598458234089,none
noted,0.3720243508086355,2.7205739409110157,none
icbms,-1.2824455692422145,1.5912257186202858,none
scheduled,0.3379673995412169,2.291530905179302,none
branches,-0.3477398868137258,2.630592196876739,none
red,0.6863753408567381,2.99043100030061,none
northwest,0.8651555868137958,2.9174979808718065,none
america,0.46892987380159584,3.299583320391065,none
sustainment,0.826005128054868,2.708040841831191,none
seventh,-0.7071172129836523,2.2053693990959964,none
sign,-1.4206336358526388,1.6987543850207811,none
insid,-2.546867569401116,0.7803736885312403,none
trategic,-2.5696285996775385,0.8053653421992772,none
ted,-2.4726940848965073,0.6983691936110247,none
bi,-2.633021294292194,0.8745613396643978,none
partisan,-2.5696285996775385,0.8053653421992772,none
sequester,-3.1638621080122746,1.433583978248412,none
defe,-1.2510649850442797,1.5667939709879932,none
fo,-1.668901956984395,1.8917016784101945,none
amoun,-2.445701219995074,0.668305956283543,none
tention,-2.8484526009346767,1.1055382093168802,none
environmen,-2.6527102215126663,0.8959333881412512,none
hat,-1.7503762823997429,1.954955960785019,none
ry,-2.6717580638430336,0.9165571107558161,none
trans,-2.7423034321851847,0.992501748402526,none
estabilizing,-2.6717580638430336,0.9165571107558161,none
coun,-2.6717580638430336,0.9165571107558161,none
tries,-1.4451796844804694,1.7178444394545183,none
ighters,-2.6902057987569234,0.9364826184064067,none
governed,-1.395163046461747,1.6789421107849145,none
multi,-3.0059211378618333,1.270693435887692,none
dimensional,-2.5915337554428026,0.8293431356725794,none
moderniza,-2.445701219995074,0.668305956283543,none
su,-2.7423034321851847,0.992501748402526,none
stra,-2.6902057987569234,0.9364826184064067,none
tegic,-2.498485712259533,0.7269831826114205,none
defen,-2.914059336765478,1.174700347540234,none
issiles,-2.498485712259533,0.7269831826114205,none
successfully,2.0156783364823267,1.9869545033014413,none
rom,-2.725446181448534,0.9744157872010438,none
egion,-2.5231799247615645,0.7542797754029161,none
uranium,0.054480179286899376,2.1584584952857053,none
buildin,-2.445701219995074,0.668305956283543,none
ill,-2.5231799247615645,0.7542797754029161,none
pla,-1.2181572546003614,1.541167830941241,none
agents,0.5661839494877419,2.380317515643547,none
head,1.4612045654406818,2.255539894485541,none
wi,-2.7080905760336473,0.9557551719631837,none
confidence,1.3067524304799327,2.296083689443577,none
realistic,2.9262142726945446,1.6876826452380265,none
execution,2.2155571090090604,3.0792021517602564,none
denuclearization,0.9632168648830477,2.298294878835546,darkgreen
sanctions,1.3513680201884586,2.45978709557258,none
spokesperson,2.2918418382718713,2.6769940089411497,none
senior-level,3.202401596263984,1.900465831257914,none
park,2.185243872616414,2.77677297381408,none
geun-hye,2.0051658085425386,2.2543897361507983,none
limit,1.443444782585037,2.3942506831905996,none
separated,2.866901547994405,1.6419460701099011,none
scientific,2.129279665080708,2.070104730380728,none
nll,3.8767013726373833,2.418724511181336,none
trust-building,3.0064761536554303,1.7495504657671064,none
wartime,2.17624821745857,3.601635912298332,none
opcon,2.478327347737525,3.1373885844069336,none
authority,0.9142552886208677,2.770903270839347,none
provocation,2.5397534044433354,2.3704841624843307,none
yeonpyeongdo,3.338991004340673,2.0055867550514286,none
installation,2.129279665080708,2.070104730380728,none
military’s,3.0064761536554303,1.7495504657671064,none
rok-u.s,3.731250641329759,3.241838295548981,blue
scm,2.5397534044433354,2.3704841624843307,none
includ,-1.491750695762779,1.7540556035797266,none
ist,-2.5915337554428026,0.8293431356725794,none
manpower,2.897205019186625,1.665315149549883,darkgreen
_the,-2.6527102215126663,0.8959333881412512,none
retired,0.621978263535586,2.3403753702688013,none
informatization,2.5450248802026203,1.9996414018429494,none
tha,-2.4726940848965073,0.6983691936110247,none
overnment,-2.5915337554428026,0.8293431356725794,none
hom,-2.445701219995074,0.668305956283543,none
enabled,-0.4631911824108632,2.026595834789678,none
terror,0.05461312658033412,2.3408270929725994,none
ificant,-2.5231799247615645,0.7542797754029161,none
vernment,-2.445701219995074,0.668305956283543,none
ammunition,2.0051658085425386,2.2543897361507983,none
appendix,3.1222031634787295,1.8387099353016663,none
infiltration,2.4871726542226655,1.9566654764388747,none
miles,3.3678700533388097,2.6104437153396103,none
mile,3.2392087184420153,1.928800238694705,none
applied,2.3170097496204574,1.8302338755006637,none
mou,2.9262142726945446,1.6876826452380265,none
elite,4.080107441170636,1.1589964665621308,none
 ‌,5.77344624446097,2.7035136671550473,none
inter-korean,4.864991344552019,1.8899348119080603,blue
creative,3.795407805815852,0.8853519658991483,none
repatriation,4.339923922000499,1.4044479587970484,none
baengnyeongdo,4.020314232422321,1.1019530283429557,none
incheon,4.0988163252128915,1.1768005545077123,none
mnd,5.5241173223152265,2.483065797904045,none
jcs,4.184700416597581,1.2582666633981137,none
usfk,4.432534319002753,1.491048081580089,none
counter-fire,3.795407805815852,0.8853519658991483,none
promotional,4.215970727781289,1.2878228642382916,none
video,4.352283729636241,1.4160315467821856,none
sdd,4.54085020120518,1.5917817383840969,none
reservists,4.168451853675513,1.2428867868006384,none
requirement,3.954087992715075,1.0385139169099502,none
ndc,3.9769642871462425,1.0604587075665848,none
pows,4.1346146403777775,1.2108096845999514,none
fax,3.9769642871462425,1.0604587075665848,none
decree,4.327313038104161,1.392620702735381,none
fir,4.184700416597581,1.2582666633981137,none
kadiz,4.387952569737546,1.4494152561075782,none
cprf,3.8798607280299593,0.9670765942537479,none
kic,3.905612408055914,0.9919011213162162,none
criticizes,3.930327912959882,1.0156858856043471,none
descriptions,3.905612408055914,0.9919011213162162,none
subsidiary,3.8529813965373103,0.9411180158546762,none
setup,3.8529813965373103,0.9411180158546762,none
